cik,accession,filed,accepted_utc,items,primary,ticker,index,sector,ex99_url
50863,0000050863-26-000155,2026-07-23,2026-07-23T20:09:00,"2.02,9.01",intc-20260723.htm,INTC,sp500,Information Technology,https://www.sec.gov/Archives/edgar/data/50863/000005086326000155/q226earningsrelease.htm
1341439,0001193125-26-387905,2026-09-10,2026-09-10T20:16:50,"2.02,8.01,9.01",orcl-20260910.htm,ORCL,sp500,Information Technology,https://www.sec.gov/Archives/edgar/data/1341439/000119312526387905/orcl-ex99_1.htm
732717,0000732717-26-000294,2026-07-22,2026-07-22T10:33:17,"2.02,9.01",t-20260722.htm,T,sp500,Communication Services,https://www.sec.gov/Archives/edgar/data/732717/000073271726000294/t-2q2026exhibit991.htm
796343,0000796343-26-000147,2026-09-10,2026-09-10T20:06:14,"2.02,9.01",adbe-20260910.htm,ADBE,sp500,Information Technology,https://www.sec.gov/Archives/edgar/data/796343/000079634326000147/adbeex991q326.htm
886982,0000886982-26-000294,2026-07-14,2026-07-14T11:30:40,"2.02,7.01,9.01",gs-20260714.htm,GS,sp500,Financials,https://www.sec.gov/Archives/edgar/data/886982/000088698226000294/a2q26gsearningsresults.htm
731766,0000731766-26-000191,2026-07-16,2026-07-16T10:00:59,"2.02,9.01",unh-20260716.htm,UNH,sp500,Health Care,https://www.sec.gov/Archives/edgar/data/731766/000073176626000191/earningsrelease2q26_7152.htm
72971,0000072971-26-000288,2026-07-14,2026-07-14T10:28:21,"2.02,7.01,9.01",wfc-20260714.htm,WFC,sp500,Financials,https://www.sec.gov/Archives/edgar/data/72971/000007297126000288/wfc2qer07-14x26ex991xrelea.htm
909832,0000909832-26-000084,2026-09-24,2026-09-24T20:17:37,"2.02,9.01",cost-20260924.htm,COST,sp500,Consumer Staples,https://www.sec.gov/Archives/edgar/data/909832/000090983226000084/costex9918-k92426.htm
12927,0001628280-26-049929,2026-07-28,2026-07-28T11:31:17,"2.02,9.01",ba-20260728.htm,BA,sp500,Industrials,https://www.sec.gov/Archives/edgar/data/12927/000162828026049929/a202606jun308kprex991.htm
19617,0001628280-26-048078,2026-07-14,2026-07-14T10:30:38,"2.02,9.01",jpm-20260714.htm,JPM,sp500,Financials,https://www.sec.gov/Archives/edgar/data/19617/000162828026048078/a2q26erfexhibit991narrative.htm
723125,0000723125-26-000018,2026-09-30,2026-09-30T16:02:22,"2.02,9.01",,MU,sp500,Information Technology,https://www.sec.gov/Archives/edgar/data/723125/000072312526000018/a2026q4ex991-pressrelease.htm
320187,0000320187-26-000184,2026-10-01,2026-10-01T16:15:15,"2.02,2.05,9.01",,NKE,sp500,Consumer Discretionary,https://www.sec.gov/Archives/edgar/data/320187/000032018726000184/q1fy27exhibit991er.htm
