date,event,source,note
2013-01-04,jobs,https://alfred.stlouisfed.org/release/downloaddates?rid=50&ff=txt,ALFRED has no reference-month field; earliest listed release date in calendar month retained
2013-01-15,ppi,https://alfred.stlouisfed.org/release/downloaddates?rid=46&ff=txt,ALFRED has no reference-month field; earliest listed release date in calendar month retained
2013-01-30,fomc,https://www.federalreserve.gov/monetarypolicy/fomchistorical2013.htm,Scheduled FOMC Statement link in Fed historical meeting calendar
2013-02-01,jobs,https://alfred.stlouisfed.org/release/downloaddates?rid=50&ff=txt,ALFRED has no reference-month field; earliest listed release date in calendar month retained
2013-02-20,ppi,https://alfred.stlouisfed.org/release/downloaddates?rid=46&ff=txt,ALFRED has no reference-month field; earliest listed release date in calendar month retained
2013-03-08,jobs,https://alfred.stlouisfed.org/release/downloaddates?rid=50&ff=txt,ALFRED has no reference-month field; earliest listed release date in calendar month retained
2013-03-14,ppi,https://alfred.stlouisfed.org/release/downloaddates?rid=46&ff=txt,ALFRED has no reference-month field; earliest listed release date in calendar month retained
2013-03-20,fomc,https://www.federalreserve.gov/monetarypolicy/fomchistorical2013.htm,Scheduled FOMC Statement link in Fed historical meeting calendar
2013-04-05,jobs,https://alfred.stlouisfed.org/release/downloaddates?rid=50&ff=txt,ALFRED has no reference-month field; earliest listed release date in calendar month retained
2013-04-12,ppi,https://alfred.stlouisfed.org/release/downloaddates?rid=46&ff=txt,ALFRED has no reference-month field; earliest listed release date in calendar month retained
2013-05-01,fomc,https://www.federalreserve.gov/monetarypolicy/fomchistorical2013.htm,Scheduled FOMC Statement link in Fed historical meeting calendar
2013-05-03,jobs,https://alfred.stlouisfed.org/release/downloaddates?rid=50&ff=txt,ALFRED has no reference-month field; earliest listed release date in calendar month retained
2013-05-15,ppi,https://alfred.stlouisfed.org/release/downloaddates?rid=46&ff=txt,ALFRED has no reference-month field; earliest listed release date in calendar month retained
2013-06-07,jobs,https://alfred.stlouisfed.org/release/downloaddates?rid=50&ff=txt,ALFRED has no reference-month field; earliest listed release date in calendar month retained
2013-06-14,ppi,https://alfred.stlouisfed.org/release/downloaddates?rid=46&ff=txt,ALFRED has no reference-month field; earliest listed release date in calendar month retained
2013-06-19,fomc,https://www.federalreserve.gov/monetarypolicy/fomchistorical2013.htm,Scheduled FOMC Statement link in Fed historical meeting calendar
2013-07-05,jobs,https://alfred.stlouisfed.org/release/downloaddates?rid=50&ff=txt,ALFRED has no reference-month field; earliest listed release date in calendar month retained
2013-07-12,ppi,https://alfred.stlouisfed.org/release/downloaddates?rid=46&ff=txt,ALFRED has no reference-month field; earliest listed release date in calendar month retained
2013-07-31,fomc,https://www.federalreserve.gov/monetarypolicy/fomchistorical2013.htm,Scheduled FOMC Statement link in Fed historical meeting calendar
2013-08-02,jobs,https://alfred.stlouisfed.org/release/downloaddates?rid=50&ff=txt,ALFRED has no reference-month field; earliest listed release date in calendar month retained
2013-08-14,ppi,https://alfred.stlouisfed.org/release/downloaddates?rid=46&ff=txt,ALFRED has no reference-month field; earliest listed release date in calendar month retained
2013-09-06,jobs,https://alfred.stlouisfed.org/release/downloaddates?rid=50&ff=txt,ALFRED has no reference-month field; earliest listed release date in calendar month retained
2013-09-13,ppi,https://alfred.stlouisfed.org/release/downloaddates?rid=46&ff=txt,ALFRED has no reference-month field; earliest listed release date in calendar month retained
2013-09-18,fomc,https://www.federalreserve.gov/monetarypolicy/fomchistorical2013.htm,Scheduled FOMC Statement link in Fed historical meeting calendar
2013-10-22,jobs,https://alfred.stlouisfed.org/release/downloaddates?rid=50&ff=txt,ALFRED has no reference-month field; earliest listed release date in calendar month retained
2013-10-29,ppi,https://alfred.stlouisfed.org/release/downloaddates?rid=46&ff=txt,ALFRED has no reference-month field; earliest listed release date in calendar month retained
2013-10-30,fomc,https://www.federalreserve.gov/monetarypolicy/fomchistorical2013.htm,Scheduled FOMC Statement link in Fed historical meeting calendar
2013-11-08,jobs,https://alfred.stlouisfed.org/release/downloaddates?rid=50&ff=txt,ALFRED has no reference-month field; earliest listed release date in calendar month retained
2013-11-21,ppi,https://alfred.stlouisfed.org/release/downloaddates?rid=46&ff=txt,ALFRED has no reference-month field; earliest listed release date in calendar month retained
2013-12-06,jobs,https://alfred.stlouisfed.org/release/downloaddates?rid=50&ff=txt,ALFRED has no reference-month field; earliest listed release date in calendar month retained
2013-12-13,ppi,https://alfred.stlouisfed.org/release/downloaddates?rid=46&ff=txt,ALFRED has no reference-month field; earliest listed release date in calendar month retained
2013-12-18,fomc,https://www.federalreserve.gov/monetarypolicy/fomchistorical2013.htm,Scheduled FOMC Statement link in Fed historical meeting calendar
2014-01-10,jobs,https://alfred.stlouisfed.org/release/downloaddates?rid=50&ff=txt,ALFRED has no reference-month field; earliest listed release date in calendar month retained
2014-01-15,ppi,https://alfred.stlouisfed.org/release/downloaddates?rid=46&ff=txt,ALFRED has no reference-month field; earliest listed release date in calendar month retained
2014-01-29,fomc,https://www.federalreserve.gov/monetarypolicy/fomchistorical2014.htm,Scheduled FOMC Statement link in Fed historical meeting calendar
2014-02-07,jobs,https://alfred.stlouisfed.org/release/downloaddates?rid=50&ff=txt,ALFRED has no reference-month field; earliest listed release date in calendar month retained
2014-02-14,ppi,https://alfred.stlouisfed.org/release/downloaddates?rid=46&ff=txt,ALFRED has no reference-month field; earliest listed release date in calendar month retained
2014-03-07,jobs,https://alfred.stlouisfed.org/release/downloaddates?rid=50&ff=txt,ALFRED has no reference-month field; earliest listed release date in calendar month retained
2014-03-14,ppi,https://alfred.stlouisfed.org/release/downloaddates?rid=46&ff=txt,ALFRED has no reference-month field; earliest listed release date in calendar month retained
2014-03-19,fomc,https://www.federalreserve.gov/monetarypolicy/fomchistorical2014.htm,Scheduled FOMC Statement link in Fed historical meeting calendar
2014-04-04,jobs,https://alfred.stlouisfed.org/release/downloaddates?rid=50&ff=txt,ALFRED has no reference-month field; earliest listed release date in calendar month retained
2014-04-11,ppi,https://alfred.stlouisfed.org/release/downloaddates?rid=46&ff=txt,ALFRED has no reference-month field; earliest listed release date in calendar month retained
2014-04-30,fomc,https://www.federalreserve.gov/monetarypolicy/fomchistorical2014.htm,Scheduled FOMC Statement link in Fed historical meeting calendar
2014-05-02,jobs,https://alfred.stlouisfed.org/release/downloaddates?rid=50&ff=txt,ALFRED has no reference-month field; earliest listed release date in calendar month retained
2014-05-14,ppi,https://alfred.stlouisfed.org/release/downloaddates?rid=46&ff=txt,ALFRED has no reference-month field; earliest listed release date in calendar month retained
2014-06-06,jobs,https://alfred.stlouisfed.org/release/downloaddates?rid=50&ff=txt,ALFRED has no reference-month field; earliest listed release date in calendar month retained
2014-06-13,ppi,https://alfred.stlouisfed.org/release/downloaddates?rid=46&ff=txt,ALFRED has no reference-month field; earliest listed release date in calendar month retained
2014-06-18,fomc,https://www.federalreserve.gov/monetarypolicy/fomchistorical2014.htm,Scheduled FOMC Statement link in Fed historical meeting calendar
2014-07-03,jobs,https://alfred.stlouisfed.org/release/downloaddates?rid=50&ff=txt,ALFRED has no reference-month field; earliest listed release date in calendar month retained
2014-07-16,ppi,https://alfred.stlouisfed.org/release/downloaddates?rid=46&ff=txt,ALFRED has no reference-month field; earliest listed release date in calendar month retained
2014-07-30,fomc,https://www.federalreserve.gov/monetarypolicy/fomchistorical2014.htm,Scheduled FOMC Statement link in Fed historical meeting calendar
2014-08-01,jobs,https://alfred.stlouisfed.org/release/downloaddates?rid=50&ff=txt,ALFRED has no reference-month field; earliest listed release date in calendar month retained
2014-08-15,ppi,https://alfred.stlouisfed.org/release/downloaddates?rid=46&ff=txt,ALFRED has no reference-month field; earliest listed release date in calendar month retained
2014-09-05,jobs,https://alfred.stlouisfed.org/release/downloaddates?rid=50&ff=txt,ALFRED has no reference-month field; earliest listed release date in calendar month retained
2014-09-16,ppi,https://alfred.stlouisfed.org/release/downloaddates?rid=46&ff=txt,ALFRED has no reference-month field; earliest listed release date in calendar month retained
2014-09-17,fomc,https://www.federalreserve.gov/monetarypolicy/fomchistorical2014.htm,Scheduled FOMC Statement link in Fed historical meeting calendar
2014-10-03,jobs,https://alfred.stlouisfed.org/release/downloaddates?rid=50&ff=txt,ALFRED has no reference-month field; earliest listed release date in calendar month retained
2014-10-15,ppi,https://alfred.stlouisfed.org/release/downloaddates?rid=46&ff=txt,ALFRED has no reference-month field; earliest listed release date in calendar month retained
2014-10-29,fomc,https://www.federalreserve.gov/monetarypolicy/fomchistorical2014.htm,Scheduled FOMC Statement link in Fed historical meeting calendar
2014-11-07,jobs,https://alfred.stlouisfed.org/release/downloaddates?rid=50&ff=txt,ALFRED has no reference-month field; earliest listed release date in calendar month retained
2014-11-18,ppi,https://alfred.stlouisfed.org/release/downloaddates?rid=46&ff=txt,ALFRED has no reference-month field; earliest listed release date in calendar month retained
2014-12-05,jobs,https://alfred.stlouisfed.org/release/downloaddates?rid=50&ff=txt,ALFRED has no reference-month field; earliest listed release date in calendar month retained
2014-12-12,ppi,https://alfred.stlouisfed.org/release/downloaddates?rid=46&ff=txt,ALFRED has no reference-month field; earliest listed release date in calendar month retained
2014-12-17,fomc,https://www.federalreserve.gov/monetarypolicy/fomchistorical2014.htm,Scheduled FOMC Statement link in Fed historical meeting calendar
2015-01-09,jobs,https://alfred.stlouisfed.org/release/downloaddates?rid=50&ff=txt,ALFRED has no reference-month field; earliest listed release date in calendar month retained
2015-01-15,ppi,https://alfred.stlouisfed.org/release/downloaddates?rid=46&ff=txt,ALFRED has no reference-month field; earliest listed release date in calendar month retained
2015-01-28,fomc,https://www.federalreserve.gov/monetarypolicy/fomchistorical2015.htm,Scheduled FOMC Statement link in Fed historical meeting calendar
2015-02-06,jobs,https://alfred.stlouisfed.org/release/downloaddates?rid=50&ff=txt,ALFRED has no reference-month field; earliest listed release date in calendar month retained
2015-02-18,ppi,https://alfred.stlouisfed.org/release/downloaddates?rid=46&ff=txt,ALFRED has no reference-month field; earliest listed release date in calendar month retained
2015-03-06,jobs,https://alfred.stlouisfed.org/release/downloaddates?rid=50&ff=txt,ALFRED has no reference-month field; earliest listed release date in calendar month retained
2015-03-13,ppi,https://alfred.stlouisfed.org/release/downloaddates?rid=46&ff=txt,ALFRED has no reference-month field; earliest listed release date in calendar month retained
2015-03-18,fomc,https://www.federalreserve.gov/monetarypolicy/fomchistorical2015.htm,Scheduled FOMC Statement link in Fed historical meeting calendar
2015-04-03,jobs,https://alfred.stlouisfed.org/release/downloaddates?rid=50&ff=txt,ALFRED has no reference-month field; earliest listed release date in calendar month retained
2015-04-14,ppi,https://alfred.stlouisfed.org/release/downloaddates?rid=46&ff=txt,ALFRED has no reference-month field; earliest listed release date in calendar month retained
2015-04-29,fomc,https://www.federalreserve.gov/monetarypolicy/fomchistorical2015.htm,Scheduled FOMC Statement link in Fed historical meeting calendar
2015-05-08,jobs,https://alfred.stlouisfed.org/release/downloaddates?rid=50&ff=txt,ALFRED has no reference-month field; earliest listed release date in calendar month retained
2015-05-14,ppi,https://alfred.stlouisfed.org/release/downloaddates?rid=46&ff=txt,ALFRED has no reference-month field; earliest listed release date in calendar month retained
2015-06-05,jobs,https://alfred.stlouisfed.org/release/downloaddates?rid=50&ff=txt,ALFRED has no reference-month field; earliest listed release date in calendar month retained
2015-06-12,ppi,https://alfred.stlouisfed.org/release/downloaddates?rid=46&ff=txt,ALFRED has no reference-month field; earliest listed release date in calendar month retained
2015-06-17,fomc,https://www.federalreserve.gov/monetarypolicy/fomchistorical2015.htm,Scheduled FOMC Statement link in Fed historical meeting calendar
2015-07-02,jobs,https://alfred.stlouisfed.org/release/downloaddates?rid=50&ff=txt,ALFRED has no reference-month field; earliest listed release date in calendar month retained
2015-07-15,ppi,https://alfred.stlouisfed.org/release/downloaddates?rid=46&ff=txt,ALFRED has no reference-month field; earliest listed release date in calendar month retained
2015-07-29,fomc,https://www.federalreserve.gov/monetarypolicy/fomchistorical2015.htm,Scheduled FOMC Statement link in Fed historical meeting calendar
2015-08-07,jobs,https://alfred.stlouisfed.org/release/downloaddates?rid=50&ff=txt,ALFRED has no reference-month field; earliest listed release date in calendar month retained
2015-08-14,ppi,https://alfred.stlouisfed.org/release/downloaddates?rid=46&ff=txt,ALFRED has no reference-month field; earliest listed release date in calendar month retained
2015-09-04,jobs,https://alfred.stlouisfed.org/release/downloaddates?rid=50&ff=txt,ALFRED has no reference-month field; earliest listed release date in calendar month retained
2015-09-11,ppi,https://alfred.stlouisfed.org/release/downloaddates?rid=46&ff=txt,ALFRED has no reference-month field; earliest listed release date in calendar month retained
2015-09-17,fomc,https://www.federalreserve.gov/monetarypolicy/fomchistorical2015.htm,Scheduled FOMC Statement link in Fed historical meeting calendar
2015-10-02,jobs,https://alfred.stlouisfed.org/release/downloaddates?rid=50&ff=txt,ALFRED has no reference-month field; earliest listed release date in calendar month retained
2015-10-14,ppi,https://alfred.stlouisfed.org/release/downloaddates?rid=46&ff=txt,ALFRED has no reference-month field; earliest listed release date in calendar month retained
2015-10-28,fomc,https://www.federalreserve.gov/monetarypolicy/fomchistorical2015.htm,Scheduled FOMC Statement link in Fed historical meeting calendar
2015-11-06,jobs,https://alfred.stlouisfed.org/release/downloaddates?rid=50&ff=txt,ALFRED has no reference-month field; earliest listed release date in calendar month retained
2015-11-13,ppi,https://alfred.stlouisfed.org/release/downloaddates?rid=46&ff=txt,ALFRED has no reference-month field; earliest listed release date in calendar month retained
2015-12-04,jobs,https://alfred.stlouisfed.org/release/downloaddates?rid=50&ff=txt,ALFRED has no reference-month field; earliest listed release date in calendar month retained
2015-12-11,ppi,https://alfred.stlouisfed.org/release/downloaddates?rid=46&ff=txt,ALFRED has no reference-month field; earliest listed release date in calendar month retained
2015-12-16,fomc,https://www.federalreserve.gov/monetarypolicy/fomchistorical2015.htm,Scheduled FOMC Statement link in Fed historical meeting calendar
2016-01-08,jobs,https://alfred.stlouisfed.org/release/downloaddates?rid=50&ff=txt,ALFRED has no reference-month field; earliest listed release date in calendar month retained
2016-01-15,ppi,https://alfred.stlouisfed.org/release/downloaddates?rid=46&ff=txt,ALFRED has no reference-month field; earliest listed release date in calendar month retained
2016-01-27,fomc,https://www.federalreserve.gov/monetarypolicy/fomchistorical2016.htm,Scheduled FOMC Statement link in Fed historical meeting calendar
2016-02-05,jobs,https://alfred.stlouisfed.org/release/downloaddates?rid=50&ff=txt,ALFRED has no reference-month field; earliest listed release date in calendar month retained
2016-02-17,ppi,https://alfred.stlouisfed.org/release/downloaddates?rid=46&ff=txt,ALFRED has no reference-month field; earliest listed release date in calendar month retained
2016-03-04,jobs,https://alfred.stlouisfed.org/release/downloaddates?rid=50&ff=txt,ALFRED has no reference-month field; earliest listed release date in calendar month retained
2016-03-15,ppi,https://alfred.stlouisfed.org/release/downloaddates?rid=46&ff=txt,ALFRED has no reference-month field; earliest listed release date in calendar month retained
2016-03-16,fomc,https://www.federalreserve.gov/monetarypolicy/fomchistorical2016.htm,Scheduled FOMC Statement link in Fed historical meeting calendar
2016-04-01,jobs,https://alfred.stlouisfed.org/release/downloaddates?rid=50&ff=txt,ALFRED has no reference-month field; earliest listed release date in calendar month retained
2016-04-13,ppi,https://alfred.stlouisfed.org/release/downloaddates?rid=46&ff=txt,ALFRED has no reference-month field; earliest listed release date in calendar month retained
2016-04-27,fomc,https://www.federalreserve.gov/monetarypolicy/fomchistorical2016.htm,Scheduled FOMC Statement link in Fed historical meeting calendar
2016-05-06,jobs,https://alfred.stlouisfed.org/release/downloaddates?rid=50&ff=txt,ALFRED has no reference-month field; earliest listed release date in calendar month retained
2016-05-13,ppi,https://alfred.stlouisfed.org/release/downloaddates?rid=46&ff=txt,ALFRED has no reference-month field; earliest listed release date in calendar month retained
2016-06-03,jobs,https://alfred.stlouisfed.org/release/downloaddates?rid=50&ff=txt,ALFRED has no reference-month field; earliest listed release date in calendar month retained
2016-06-15,fomc,https://www.federalreserve.gov/monetarypolicy/fomchistorical2016.htm,Scheduled FOMC Statement link in Fed historical meeting calendar
2016-06-15,ppi,https://alfred.stlouisfed.org/release/downloaddates?rid=46&ff=txt,ALFRED has no reference-month field; earliest listed release date in calendar month retained
2016-07-08,jobs,https://alfred.stlouisfed.org/release/downloaddates?rid=50&ff=txt,ALFRED has no reference-month field; earliest listed release date in calendar month retained
2016-07-14,ppi,https://alfred.stlouisfed.org/release/downloaddates?rid=46&ff=txt,ALFRED has no reference-month field; earliest listed release date in calendar month retained
2016-07-27,fomc,https://www.federalreserve.gov/monetarypolicy/fomchistorical2016.htm,Scheduled FOMC Statement link in Fed historical meeting calendar
2016-08-05,jobs,https://alfred.stlouisfed.org/release/downloaddates?rid=50&ff=txt,ALFRED has no reference-month field; earliest listed release date in calendar month retained
2016-08-12,ppi,https://alfred.stlouisfed.org/release/downloaddates?rid=46&ff=txt,ALFRED has no reference-month field; earliest listed release date in calendar month retained
2016-09-02,jobs,https://alfred.stlouisfed.org/release/downloaddates?rid=50&ff=txt,ALFRED has no reference-month field; earliest listed release date in calendar month retained
2016-09-15,ppi,https://alfred.stlouisfed.org/release/downloaddates?rid=46&ff=txt,ALFRED has no reference-month field; earliest listed release date in calendar month retained
2016-09-21,fomc,https://www.federalreserve.gov/monetarypolicy/fomchistorical2016.htm,Scheduled FOMC Statement link in Fed historical meeting calendar
2016-10-07,jobs,https://alfred.stlouisfed.org/release/downloaddates?rid=50&ff=txt,ALFRED has no reference-month field; earliest listed release date in calendar month retained
2016-10-14,ppi,https://alfred.stlouisfed.org/release/downloaddates?rid=46&ff=txt,ALFRED has no reference-month field; earliest listed release date in calendar month retained
2016-11-02,fomc,https://www.federalreserve.gov/monetarypolicy/fomchistorical2016.htm,Scheduled FOMC Statement link in Fed historical meeting calendar
2016-11-04,jobs,https://alfred.stlouisfed.org/release/downloaddates?rid=50&ff=txt,ALFRED has no reference-month field; earliest listed release date in calendar month retained
2016-11-16,ppi,https://alfred.stlouisfed.org/release/downloaddates?rid=46&ff=txt,ALFRED has no reference-month field; earliest listed release date in calendar month retained
2016-12-02,jobs,https://alfred.stlouisfed.org/release/downloaddates?rid=50&ff=txt,ALFRED has no reference-month field; earliest listed release date in calendar month retained
2016-12-14,fomc,https://www.federalreserve.gov/monetarypolicy/fomchistorical2016.htm,Scheduled FOMC Statement link in Fed historical meeting calendar
2016-12-14,ppi,https://alfred.stlouisfed.org/release/downloaddates?rid=46&ff=txt,ALFRED has no reference-month field; earliest listed release date in calendar month retained
2017-01-06,jobs,https://alfred.stlouisfed.org/release/downloaddates?rid=50&ff=txt,ALFRED has no reference-month field; earliest listed release date in calendar month retained
2017-01-13,ppi,https://alfred.stlouisfed.org/release/downloaddates?rid=46&ff=txt,ALFRED has no reference-month field; earliest listed release date in calendar month retained
2017-02-01,fomc,https://www.federalreserve.gov/monetarypolicy/fomchistorical2017.htm,Scheduled FOMC Statement link in Fed historical meeting calendar
2017-02-03,jobs,https://alfred.stlouisfed.org/release/downloaddates?rid=50&ff=txt,ALFRED has no reference-month field; earliest listed release date in calendar month retained
2017-02-10,ppi,https://alfred.stlouisfed.org/release/downloaddates?rid=46&ff=txt,ALFRED has no reference-month field; earliest listed release date in calendar month retained
2017-03-10,jobs,https://alfred.stlouisfed.org/release/downloaddates?rid=50&ff=txt,ALFRED has no reference-month field; earliest listed release date in calendar month retained
2017-03-14,ppi,https://alfred.stlouisfed.org/release/downloaddates?rid=46&ff=txt,ALFRED has no reference-month field; earliest listed release date in calendar month retained
2017-03-15,fomc,https://www.federalreserve.gov/monetarypolicy/fomchistorical2017.htm,Scheduled FOMC Statement link in Fed historical meeting calendar
2017-04-07,jobs,https://alfred.stlouisfed.org/release/downloaddates?rid=50&ff=txt,ALFRED has no reference-month field; earliest listed release date in calendar month retained
2017-04-13,ppi,https://alfred.stlouisfed.org/release/downloaddates?rid=46&ff=txt,ALFRED has no reference-month field; earliest listed release date in calendar month retained
2017-05-03,fomc,https://www.federalreserve.gov/monetarypolicy/fomchistorical2017.htm,Scheduled FOMC Statement link in Fed historical meeting calendar
2017-05-05,jobs,https://alfred.stlouisfed.org/release/downloaddates?rid=50&ff=txt,ALFRED has no reference-month field; earliest listed release date in calendar month retained
2017-05-11,ppi,https://alfred.stlouisfed.org/release/downloaddates?rid=46&ff=txt,ALFRED has no reference-month field; earliest listed release date in calendar month retained
2017-06-02,jobs,https://alfred.stlouisfed.org/release/downloaddates?rid=50&ff=txt,ALFRED has no reference-month field; earliest listed release date in calendar month retained
2017-06-13,ppi,https://alfred.stlouisfed.org/release/downloaddates?rid=46&ff=txt,ALFRED has no reference-month field; earliest listed release date in calendar month retained
2017-06-14,fomc,https://www.federalreserve.gov/monetarypolicy/fomchistorical2017.htm,Scheduled FOMC Statement link in Fed historical meeting calendar
2017-07-07,jobs,https://alfred.stlouisfed.org/release/downloaddates?rid=50&ff=txt,ALFRED has no reference-month field; earliest listed release date in calendar month retained
2017-07-13,ppi,https://alfred.stlouisfed.org/release/downloaddates?rid=46&ff=txt,ALFRED has no reference-month field; earliest listed release date in calendar month retained
2017-07-26,fomc,https://www.federalreserve.gov/monetarypolicy/fomchistorical2017.htm,Scheduled FOMC Statement link in Fed historical meeting calendar
2017-08-04,jobs,https://alfred.stlouisfed.org/release/downloaddates?rid=50&ff=txt,ALFRED has no reference-month field; earliest listed release date in calendar month retained
2017-08-10,ppi,https://alfred.stlouisfed.org/release/downloaddates?rid=46&ff=txt,ALFRED has no reference-month field; earliest listed release date in calendar month retained
2017-09-01,jobs,https://alfred.stlouisfed.org/release/downloaddates?rid=50&ff=txt,ALFRED has no reference-month field; earliest listed release date in calendar month retained
2017-09-13,ppi,https://alfred.stlouisfed.org/release/downloaddates?rid=46&ff=txt,ALFRED has no reference-month field; earliest listed release date in calendar month retained
2017-09-20,fomc,https://www.federalreserve.gov/monetarypolicy/fomchistorical2017.htm,Scheduled FOMC Statement link in Fed historical meeting calendar
2017-10-06,jobs,https://alfred.stlouisfed.org/release/downloaddates?rid=50&ff=txt,ALFRED has no reference-month field; earliest listed release date in calendar month retained
2017-10-12,ppi,https://alfred.stlouisfed.org/release/downloaddates?rid=46&ff=txt,ALFRED has no reference-month field; earliest listed release date in calendar month retained
2017-11-01,fomc,https://www.federalreserve.gov/monetarypolicy/fomchistorical2017.htm,Scheduled FOMC Statement link in Fed historical meeting calendar
2017-11-03,jobs,https://alfred.stlouisfed.org/release/downloaddates?rid=50&ff=txt,ALFRED has no reference-month field; earliest listed release date in calendar month retained
2017-11-14,ppi,https://alfred.stlouisfed.org/release/downloaddates?rid=46&ff=txt,ALFRED has no reference-month field; earliest listed release date in calendar month retained
2017-12-08,jobs,https://alfred.stlouisfed.org/release/downloaddates?rid=50&ff=txt,ALFRED has no reference-month field; earliest listed release date in calendar month retained
2017-12-12,ppi,https://alfred.stlouisfed.org/release/downloaddates?rid=46&ff=txt,ALFRED has no reference-month field; earliest listed release date in calendar month retained
2017-12-13,fomc,https://www.federalreserve.gov/monetarypolicy/fomchistorical2017.htm,Scheduled FOMC Statement link in Fed historical meeting calendar
2018-01-05,jobs,https://alfred.stlouisfed.org/release/downloaddates?rid=50&ff=txt,ALFRED has no reference-month field; earliest listed release date in calendar month retained
2018-01-11,ppi,https://alfred.stlouisfed.org/release/downloaddates?rid=46&ff=txt,ALFRED has no reference-month field; earliest listed release date in calendar month retained
2018-01-31,fomc,https://www.federalreserve.gov/monetarypolicy/fomchistorical2018.htm,Scheduled FOMC Statement link in Fed historical meeting calendar
2018-02-02,jobs,https://alfred.stlouisfed.org/release/downloaddates?rid=50&ff=txt,ALFRED has no reference-month field; earliest listed release date in calendar month retained
2018-02-15,ppi,https://alfred.stlouisfed.org/release/downloaddates?rid=46&ff=txt,ALFRED has no reference-month field; earliest listed release date in calendar month retained
2018-03-09,jobs,https://alfred.stlouisfed.org/release/downloaddates?rid=50&ff=txt,ALFRED has no reference-month field; earliest listed release date in calendar month retained
2018-03-14,ppi,https://alfred.stlouisfed.org/release/downloaddates?rid=46&ff=txt,ALFRED has no reference-month field; earliest listed release date in calendar month retained
2018-03-21,fomc,https://www.federalreserve.gov/monetarypolicy/fomchistorical2018.htm,Scheduled FOMC Statement link in Fed historical meeting calendar
2018-04-06,jobs,https://alfred.stlouisfed.org/release/downloaddates?rid=50&ff=txt,ALFRED has no reference-month field; earliest listed release date in calendar month retained
2018-04-10,ppi,https://alfred.stlouisfed.org/release/downloaddates?rid=46&ff=txt,ALFRED has no reference-month field; earliest listed release date in calendar month retained
2018-05-02,fomc,https://www.federalreserve.gov/monetarypolicy/fomchistorical2018.htm,Scheduled FOMC Statement link in Fed historical meeting calendar
2018-05-04,jobs,https://alfred.stlouisfed.org/release/downloaddates?rid=50&ff=txt,ALFRED has no reference-month field; earliest listed release date in calendar month retained
2018-05-09,ppi,https://alfred.stlouisfed.org/release/downloaddates?rid=46&ff=txt,ALFRED has no reference-month field; earliest listed release date in calendar month retained
2018-06-01,jobs,https://alfred.stlouisfed.org/release/downloaddates?rid=50&ff=txt,ALFRED has no reference-month field; earliest listed release date in calendar month retained
2018-06-13,fomc,https://www.federalreserve.gov/monetarypolicy/fomchistorical2018.htm,Scheduled FOMC Statement link in Fed historical meeting calendar
2018-06-13,ppi,https://alfred.stlouisfed.org/release/downloaddates?rid=46&ff=txt,ALFRED has no reference-month field; earliest listed release date in calendar month retained
2018-07-06,jobs,https://alfred.stlouisfed.org/release/downloaddates?rid=50&ff=txt,ALFRED has no reference-month field; earliest listed release date in calendar month retained
2018-07-11,ppi,https://alfred.stlouisfed.org/release/downloaddates?rid=46&ff=txt,ALFRED has no reference-month field; earliest listed release date in calendar month retained
2018-08-01,fomc,https://www.federalreserve.gov/monetarypolicy/fomchistorical2018.htm,Scheduled FOMC Statement link in Fed historical meeting calendar
2018-08-03,jobs,https://alfred.stlouisfed.org/release/downloaddates?rid=50&ff=txt,ALFRED has no reference-month field; earliest listed release date in calendar month retained
2018-08-09,ppi,https://alfred.stlouisfed.org/release/downloaddates?rid=46&ff=txt,ALFRED has no reference-month field; earliest listed release date in calendar month retained
2018-09-07,jobs,https://alfred.stlouisfed.org/release/downloaddates?rid=50&ff=txt,ALFRED has no reference-month field; earliest listed release date in calendar month retained
2018-09-12,ppi,https://alfred.stlouisfed.org/release/downloaddates?rid=46&ff=txt,ALFRED has no reference-month field; earliest listed release date in calendar month retained
2018-09-26,fomc,https://www.federalreserve.gov/monetarypolicy/fomchistorical2018.htm,Scheduled FOMC Statement link in Fed historical meeting calendar
2018-10-05,jobs,https://alfred.stlouisfed.org/release/downloaddates?rid=50&ff=txt,ALFRED has no reference-month field; earliest listed release date in calendar month retained
2018-10-10,ppi,https://alfred.stlouisfed.org/release/downloaddates?rid=46&ff=txt,ALFRED has no reference-month field; earliest listed release date in calendar month retained
2018-11-02,jobs,https://alfred.stlouisfed.org/release/downloaddates?rid=50&ff=txt,ALFRED has no reference-month field; earliest listed release date in calendar month retained
2018-11-08,fomc,https://www.federalreserve.gov/monetarypolicy/fomchistorical2018.htm,Scheduled FOMC Statement link in Fed historical meeting calendar
2018-11-09,ppi,https://alfred.stlouisfed.org/release/downloaddates?rid=46&ff=txt,ALFRED has no reference-month field; earliest listed release date in calendar month retained
2018-12-07,jobs,https://alfred.stlouisfed.org/release/downloaddates?rid=50&ff=txt,ALFRED has no reference-month field; earliest listed release date in calendar month retained
2018-12-11,ppi,https://alfred.stlouisfed.org/release/downloaddates?rid=46&ff=txt,ALFRED has no reference-month field; earliest listed release date in calendar month retained
2018-12-19,fomc,https://www.federalreserve.gov/monetarypolicy/fomchistorical2018.htm,Scheduled FOMC Statement link in Fed historical meeting calendar
2019-01-04,jobs,https://alfred.stlouisfed.org/release/downloaddates?rid=50&ff=txt,ALFRED has no reference-month field; earliest listed release date in calendar month retained
2019-01-15,ppi,https://alfred.stlouisfed.org/release/downloaddates?rid=46&ff=txt,ALFRED has no reference-month field; earliest listed release date in calendar month retained
2019-01-30,fomc,https://www.federalreserve.gov/monetarypolicy/fomchistorical2019.htm,Scheduled FOMC Statement link in Fed historical meeting calendar
2019-02-01,jobs,https://alfred.stlouisfed.org/release/downloaddates?rid=50&ff=txt,ALFRED has no reference-month field; earliest listed release date in calendar month retained
2019-02-12,ppi,https://alfred.stlouisfed.org/release/downloaddates?rid=46&ff=txt,ALFRED has no reference-month field; earliest listed release date in calendar month retained
2019-03-08,jobs,https://alfred.stlouisfed.org/release/downloaddates?rid=50&ff=txt,ALFRED has no reference-month field; earliest listed release date in calendar month retained
2019-03-13,ppi,https://alfred.stlouisfed.org/release/downloaddates?rid=46&ff=txt,ALFRED has no reference-month field; earliest listed release date in calendar month retained
2019-03-20,fomc,https://www.federalreserve.gov/monetarypolicy/fomchistorical2019.htm,Scheduled FOMC Statement link in Fed historical meeting calendar
2019-04-05,jobs,https://alfred.stlouisfed.org/release/downloaddates?rid=50&ff=txt,ALFRED has no reference-month field; earliest listed release date in calendar month retained
2019-04-11,ppi,https://alfred.stlouisfed.org/release/downloaddates?rid=46&ff=txt,ALFRED has no reference-month field; earliest listed release date in calendar month retained
2019-05-01,fomc,https://www.federalreserve.gov/monetarypolicy/fomchistorical2019.htm,Scheduled FOMC Statement link in Fed historical meeting calendar
2019-05-03,jobs,https://alfred.stlouisfed.org/release/downloaddates?rid=50&ff=txt,ALFRED has no reference-month field; earliest listed release date in calendar month retained
2019-05-09,ppi,https://alfred.stlouisfed.org/release/downloaddates?rid=46&ff=txt,ALFRED has no reference-month field; earliest listed release date in calendar month retained
2019-06-07,jobs,https://alfred.stlouisfed.org/release/downloaddates?rid=50&ff=txt,ALFRED has no reference-month field; earliest listed release date in calendar month retained
2019-06-11,ppi,https://alfred.stlouisfed.org/release/downloaddates?rid=46&ff=txt,ALFRED has no reference-month field; earliest listed release date in calendar month retained
2019-06-19,fomc,https://www.federalreserve.gov/monetarypolicy/fomchistorical2019.htm,Scheduled FOMC Statement link in Fed historical meeting calendar
2019-07-05,jobs,https://alfred.stlouisfed.org/release/downloaddates?rid=50&ff=txt,ALFRED has no reference-month field; earliest listed release date in calendar month retained
2019-07-12,ppi,https://alfred.stlouisfed.org/release/downloaddates?rid=46&ff=txt,ALFRED has no reference-month field; earliest listed release date in calendar month retained
2019-07-31,fomc,https://www.federalreserve.gov/monetarypolicy/fomchistorical2019.htm,Scheduled FOMC Statement link in Fed historical meeting calendar
2019-08-02,jobs,https://alfred.stlouisfed.org/release/downloaddates?rid=50&ff=txt,ALFRED has no reference-month field; earliest listed release date in calendar month retained
2019-08-09,ppi,https://alfred.stlouisfed.org/release/downloaddates?rid=46&ff=txt,ALFRED has no reference-month field; earliest listed release date in calendar month retained
2019-09-06,jobs,https://alfred.stlouisfed.org/release/downloaddates?rid=50&ff=txt,ALFRED has no reference-month field; earliest listed release date in calendar month retained
2019-09-11,ppi,https://alfred.stlouisfed.org/release/downloaddates?rid=46&ff=txt,ALFRED has no reference-month field; earliest listed release date in calendar month retained
2019-09-18,fomc,https://www.federalreserve.gov/monetarypolicy/fomchistorical2019.htm,Scheduled FOMC Statement link in Fed historical meeting calendar
2019-10-04,jobs,https://alfred.stlouisfed.org/release/downloaddates?rid=50&ff=txt,ALFRED has no reference-month field; earliest listed release date in calendar month retained
2019-10-08,ppi,https://alfred.stlouisfed.org/release/downloaddates?rid=46&ff=txt,ALFRED has no reference-month field; earliest listed release date in calendar month retained
2019-10-30,fomc,https://www.federalreserve.gov/monetarypolicy/fomchistorical2019.htm,Scheduled FOMC Statement link in Fed historical meeting calendar
2019-11-01,jobs,https://alfred.stlouisfed.org/release/downloaddates?rid=50&ff=txt,ALFRED has no reference-month field; earliest listed release date in calendar month retained
2019-11-14,ppi,https://alfred.stlouisfed.org/release/downloaddates?rid=46&ff=txt,ALFRED has no reference-month field; earliest listed release date in calendar month retained
2019-12-06,jobs,https://alfred.stlouisfed.org/release/downloaddates?rid=50&ff=txt,ALFRED has no reference-month field; earliest listed release date in calendar month retained
2019-12-11,fomc,https://www.federalreserve.gov/monetarypolicy/fomchistorical2019.htm,Scheduled FOMC Statement link in Fed historical meeting calendar
2019-12-12,ppi,https://alfred.stlouisfed.org/release/downloaddates?rid=46&ff=txt,ALFRED has no reference-month field; earliest listed release date in calendar month retained
2020-01-10,jobs,https://alfred.stlouisfed.org/release/downloaddates?rid=50&ff=txt,ALFRED has no reference-month field; earliest listed release date in calendar month retained
2020-01-15,ppi,https://alfred.stlouisfed.org/release/downloaddates?rid=46&ff=txt,ALFRED has no reference-month field; earliest listed release date in calendar month retained
2020-01-29,fomc,https://www.federalreserve.gov/monetarypolicy/fomchistorical2020.htm,Scheduled FOMC Statement link in Fed historical meeting calendar; 2020 exception: seven scheduled statement dates; emergency March actions and canceled scheduled March meeting excluded
2020-02-07,jobs,https://alfred.stlouisfed.org/release/downloaddates?rid=50&ff=txt,ALFRED has no reference-month field; earliest listed release date in calendar month retained
2020-02-14,ppi,https://alfred.stlouisfed.org/release/downloaddates?rid=46&ff=txt,ALFRED has no reference-month field; earliest listed release date in calendar month retained
2020-03-06,jobs,https://alfred.stlouisfed.org/release/downloaddates?rid=50&ff=txt,ALFRED has no reference-month field; earliest listed release date in calendar month retained
2020-03-12,ppi,https://alfred.stlouisfed.org/release/downloaddates?rid=46&ff=txt,ALFRED has no reference-month field; earliest listed release date in calendar month retained
2020-04-03,jobs,https://alfred.stlouisfed.org/release/downloaddates?rid=50&ff=txt,ALFRED has no reference-month field; earliest listed release date in calendar month retained
2020-04-09,ppi,https://alfred.stlouisfed.org/release/downloaddates?rid=46&ff=txt,ALFRED has no reference-month field; earliest listed release date in calendar month retained
2020-04-29,fomc,https://www.federalreserve.gov/monetarypolicy/fomchistorical2020.htm,Scheduled FOMC Statement link in Fed historical meeting calendar; 2020 exception: seven scheduled statement dates; emergency March actions and canceled scheduled March meeting excluded
2020-05-08,jobs,https://alfred.stlouisfed.org/release/downloaddates?rid=50&ff=txt,ALFRED has no reference-month field; earliest listed release date in calendar month retained
2020-05-13,ppi,https://alfred.stlouisfed.org/release/downloaddates?rid=46&ff=txt,ALFRED has no reference-month field; earliest listed release date in calendar month retained
2020-06-05,jobs,https://alfred.stlouisfed.org/release/downloaddates?rid=50&ff=txt,ALFRED has no reference-month field; earliest listed release date in calendar month retained
2020-06-10,fomc,https://www.federalreserve.gov/monetarypolicy/fomchistorical2020.htm,Scheduled FOMC Statement link in Fed historical meeting calendar; 2020 exception: seven scheduled statement dates; emergency March actions and canceled scheduled March meeting excluded
2020-06-11,ppi,https://alfred.stlouisfed.org/release/downloaddates?rid=46&ff=txt,ALFRED has no reference-month field; earliest listed release date in calendar month retained
2020-07-02,jobs,https://alfred.stlouisfed.org/release/downloaddates?rid=50&ff=txt,ALFRED has no reference-month field; earliest listed release date in calendar month retained
2020-07-10,ppi,https://alfred.stlouisfed.org/release/downloaddates?rid=46&ff=txt,ALFRED has no reference-month field; earliest listed release date in calendar month retained
2020-07-29,fomc,https://www.federalreserve.gov/monetarypolicy/fomchistorical2020.htm,Scheduled FOMC Statement link in Fed historical meeting calendar; 2020 exception: seven scheduled statement dates; emergency March actions and canceled scheduled March meeting excluded
2020-08-07,jobs,https://alfred.stlouisfed.org/release/downloaddates?rid=50&ff=txt,ALFRED has no reference-month field; earliest listed release date in calendar month retained
2020-08-11,ppi,https://alfred.stlouisfed.org/release/downloaddates?rid=46&ff=txt,ALFRED has no reference-month field; earliest listed release date in calendar month retained
2020-09-04,jobs,https://alfred.stlouisfed.org/release/downloaddates?rid=50&ff=txt,ALFRED has no reference-month field; earliest listed release date in calendar month retained
2020-09-10,ppi,https://alfred.stlouisfed.org/release/downloaddates?rid=46&ff=txt,ALFRED has no reference-month field; earliest listed release date in calendar month retained
2020-09-16,fomc,https://www.federalreserve.gov/monetarypolicy/fomchistorical2020.htm,Scheduled FOMC Statement link in Fed historical meeting calendar; 2020 exception: seven scheduled statement dates; emergency March actions and canceled scheduled March meeting excluded
2020-10-02,jobs,https://alfred.stlouisfed.org/release/downloaddates?rid=50&ff=txt,ALFRED has no reference-month field; earliest listed release date in calendar month retained
2020-10-14,ppi,https://alfred.stlouisfed.org/release/downloaddates?rid=46&ff=txt,ALFRED has no reference-month field; earliest listed release date in calendar month retained
2020-11-05,fomc,https://www.federalreserve.gov/monetarypolicy/fomchistorical2020.htm,Scheduled FOMC Statement link in Fed historical meeting calendar; 2020 exception: seven scheduled statement dates; emergency March actions and canceled scheduled March meeting excluded
2020-11-06,jobs,https://alfred.stlouisfed.org/release/downloaddates?rid=50&ff=txt,ALFRED has no reference-month field; earliest listed release date in calendar month retained
2020-11-13,ppi,https://alfred.stlouisfed.org/release/downloaddates?rid=46&ff=txt,ALFRED has no reference-month field; earliest listed release date in calendar month retained
2020-12-04,jobs,https://alfred.stlouisfed.org/release/downloaddates?rid=50&ff=txt,ALFRED has no reference-month field; earliest listed release date in calendar month retained
2020-12-11,ppi,https://alfred.stlouisfed.org/release/downloaddates?rid=46&ff=txt,ALFRED has no reference-month field; earliest listed release date in calendar month retained
2020-12-16,fomc,https://www.federalreserve.gov/monetarypolicy/fomchistorical2020.htm,Scheduled FOMC Statement link in Fed historical meeting calendar; 2020 exception: seven scheduled statement dates; emergency March actions and canceled scheduled March meeting excluded
2021-01-08,jobs,https://alfred.stlouisfed.org/release/downloaddates?rid=50&ff=txt,ALFRED has no reference-month field; earliest listed release date in calendar month retained
2021-01-15,ppi,https://alfred.stlouisfed.org/release/downloaddates?rid=46&ff=txt,ALFRED has no reference-month field; earliest listed release date in calendar month retained
2021-01-27,fomc,https://www.federalreserve.gov/monetarypolicy/fomccalendars.htm,Scheduled FOMC statement link in Fed meeting calendar
2021-02-05,jobs,https://alfred.stlouisfed.org/release/downloaddates?rid=50&ff=txt,ALFRED has no reference-month field; earliest listed release date in calendar month retained
2021-02-12,ppi,https://alfred.stlouisfed.org/release/downloaddates?rid=46&ff=txt,ALFRED has no reference-month field; earliest listed release date in calendar month retained
2021-03-05,jobs,https://alfred.stlouisfed.org/release/downloaddates?rid=50&ff=txt,ALFRED has no reference-month field; earliest listed release date in calendar month retained
2021-03-12,ppi,https://alfred.stlouisfed.org/release/downloaddates?rid=46&ff=txt,ALFRED has no reference-month field; earliest listed release date in calendar month retained
2021-03-17,fomc,https://www.federalreserve.gov/monetarypolicy/fomccalendars.htm,Scheduled FOMC statement link in Fed meeting calendar
2021-04-02,jobs,https://alfred.stlouisfed.org/release/downloaddates?rid=50&ff=txt,ALFRED has no reference-month field; earliest listed release date in calendar month retained
2021-04-09,ppi,https://alfred.stlouisfed.org/release/downloaddates?rid=46&ff=txt,ALFRED has no reference-month field; earliest listed release date in calendar month retained
2021-04-28,fomc,https://www.federalreserve.gov/monetarypolicy/fomccalendars.htm,Scheduled FOMC statement link in Fed meeting calendar
2021-05-07,jobs,https://alfred.stlouisfed.org/release/downloaddates?rid=50&ff=txt,ALFRED has no reference-month field; earliest listed release date in calendar month retained
2021-05-13,ppi,https://alfred.stlouisfed.org/release/downloaddates?rid=46&ff=txt,ALFRED has no reference-month field; earliest listed release date in calendar month retained
2021-06-04,jobs,https://alfred.stlouisfed.org/release/downloaddates?rid=50&ff=txt,ALFRED has no reference-month field; earliest listed release date in calendar month retained
2021-06-15,ppi,https://alfred.stlouisfed.org/release/downloaddates?rid=46&ff=txt,ALFRED has no reference-month field; earliest listed release date in calendar month retained
2021-06-16,fomc,https://www.federalreserve.gov/monetarypolicy/fomccalendars.htm,Scheduled FOMC statement link in Fed meeting calendar
2021-07-02,jobs,https://alfred.stlouisfed.org/release/downloaddates?rid=50&ff=txt,ALFRED has no reference-month field; earliest listed release date in calendar month retained
2021-07-14,ppi,https://alfred.stlouisfed.org/release/downloaddates?rid=46&ff=txt,ALFRED has no reference-month field; earliest listed release date in calendar month retained
2021-07-28,fomc,https://www.federalreserve.gov/monetarypolicy/fomccalendars.htm,Scheduled FOMC statement link in Fed meeting calendar
2021-08-06,jobs,https://alfred.stlouisfed.org/release/downloaddates?rid=50&ff=txt,ALFRED has no reference-month field; earliest listed release date in calendar month retained
2021-08-12,ppi,https://alfred.stlouisfed.org/release/downloaddates?rid=46&ff=txt,ALFRED has no reference-month field; earliest listed release date in calendar month retained
2021-09-03,jobs,https://alfred.stlouisfed.org/release/downloaddates?rid=50&ff=txt,ALFRED has no reference-month field; earliest listed release date in calendar month retained
2021-09-10,ppi,https://alfred.stlouisfed.org/release/downloaddates?rid=46&ff=txt,ALFRED has no reference-month field; earliest listed release date in calendar month retained
2021-09-22,fomc,https://www.federalreserve.gov/monetarypolicy/fomccalendars.htm,Scheduled FOMC statement link in Fed meeting calendar
2021-10-08,jobs,https://alfred.stlouisfed.org/release/downloaddates?rid=50&ff=txt,ALFRED has no reference-month field; earliest listed release date in calendar month retained
2021-10-14,ppi,https://alfred.stlouisfed.org/release/downloaddates?rid=46&ff=txt,ALFRED has no reference-month field; earliest listed release date in calendar month retained
2021-11-03,fomc,https://www.federalreserve.gov/monetarypolicy/fomccalendars.htm,Scheduled FOMC statement link in Fed meeting calendar
2021-11-05,jobs,https://alfred.stlouisfed.org/release/downloaddates?rid=50&ff=txt,ALFRED has no reference-month field; earliest listed release date in calendar month retained
2021-11-09,ppi,https://alfred.stlouisfed.org/release/downloaddates?rid=46&ff=txt,ALFRED has no reference-month field; earliest listed release date in calendar month retained
2021-12-03,jobs,https://alfred.stlouisfed.org/release/downloaddates?rid=50&ff=txt,ALFRED has no reference-month field; earliest listed release date in calendar month retained
2021-12-14,ppi,https://alfred.stlouisfed.org/release/downloaddates?rid=46&ff=txt,ALFRED has no reference-month field; earliest listed release date in calendar month retained
2021-12-15,fomc,https://www.federalreserve.gov/monetarypolicy/fomccalendars.htm,Scheduled FOMC statement link in Fed meeting calendar
2022-01-07,jobs,https://alfred.stlouisfed.org/release/downloaddates?rid=50&ff=txt,ALFRED has no reference-month field; earliest listed release date in calendar month retained
2022-01-13,ppi,https://alfred.stlouisfed.org/release/downloaddates?rid=46&ff=txt,ALFRED has no reference-month field; earliest listed release date in calendar month retained
2022-01-26,fomc,https://www.federalreserve.gov/monetarypolicy/fomccalendars.htm,Scheduled FOMC statement link in Fed meeting calendar
2022-02-04,jobs,https://alfred.stlouisfed.org/release/downloaddates?rid=50&ff=txt,ALFRED has no reference-month field; earliest listed release date in calendar month retained
2022-02-11,ppi,https://alfred.stlouisfed.org/release/downloaddates?rid=46&ff=txt,ALFRED has no reference-month field; earliest listed release date in calendar month retained
2022-03-04,jobs,https://alfred.stlouisfed.org/release/downloaddates?rid=50&ff=txt,ALFRED has no reference-month field; earliest listed release date in calendar month retained
2022-03-15,ppi,https://alfred.stlouisfed.org/release/downloaddates?rid=46&ff=txt,ALFRED has no reference-month field; earliest listed release date in calendar month retained
2022-03-16,fomc,https://www.federalreserve.gov/monetarypolicy/fomccalendars.htm,Scheduled FOMC statement link in Fed meeting calendar
2022-04-01,jobs,https://alfred.stlouisfed.org/release/downloaddates?rid=50&ff=txt,ALFRED has no reference-month field; earliest listed release date in calendar month retained
2022-04-13,ppi,https://alfred.stlouisfed.org/release/downloaddates?rid=46&ff=txt,ALFRED has no reference-month field; earliest listed release date in calendar month retained
2022-05-04,fomc,https://www.federalreserve.gov/monetarypolicy/fomccalendars.htm,Scheduled FOMC statement link in Fed meeting calendar
2022-05-06,jobs,https://alfred.stlouisfed.org/release/downloaddates?rid=50&ff=txt,ALFRED has no reference-month field; earliest listed release date in calendar month retained
2022-05-12,ppi,https://alfred.stlouisfed.org/release/downloaddates?rid=46&ff=txt,ALFRED has no reference-month field; earliest listed release date in calendar month retained
2022-06-03,jobs,https://alfred.stlouisfed.org/release/downloaddates?rid=50&ff=txt,ALFRED has no reference-month field; earliest listed release date in calendar month retained
2022-06-14,ppi,https://alfred.stlouisfed.org/release/downloaddates?rid=46&ff=txt,ALFRED has no reference-month field; earliest listed release date in calendar month retained
2022-06-15,fomc,https://www.federalreserve.gov/monetarypolicy/fomccalendars.htm,Scheduled FOMC statement link in Fed meeting calendar
2022-07-08,jobs,https://alfred.stlouisfed.org/release/downloaddates?rid=50&ff=txt,ALFRED has no reference-month field; earliest listed release date in calendar month retained
2022-07-14,ppi,https://alfred.stlouisfed.org/release/downloaddates?rid=46&ff=txt,ALFRED has no reference-month field; earliest listed release date in calendar month retained
2022-07-27,fomc,https://www.federalreserve.gov/monetarypolicy/fomccalendars.htm,Scheduled FOMC statement link in Fed meeting calendar
2022-08-05,jobs,https://alfred.stlouisfed.org/release/downloaddates?rid=50&ff=txt,ALFRED has no reference-month field; earliest listed release date in calendar month retained
2022-08-11,ppi,https://alfred.stlouisfed.org/release/downloaddates?rid=46&ff=txt,ALFRED has no reference-month field; earliest listed release date in calendar month retained
2022-09-02,jobs,https://alfred.stlouisfed.org/release/downloaddates?rid=50&ff=txt,ALFRED has no reference-month field; earliest listed release date in calendar month retained
2022-09-14,ppi,https://alfred.stlouisfed.org/release/downloaddates?rid=46&ff=txt,ALFRED has no reference-month field; earliest listed release date in calendar month retained
2022-09-21,fomc,https://www.federalreserve.gov/monetarypolicy/fomccalendars.htm,Scheduled FOMC statement link in Fed meeting calendar
2022-10-07,jobs,https://alfred.stlouisfed.org/release/downloaddates?rid=50&ff=txt,ALFRED has no reference-month field; earliest listed release date in calendar month retained
2022-10-12,ppi,https://alfred.stlouisfed.org/release/downloaddates?rid=46&ff=txt,ALFRED has no reference-month field; earliest listed release date in calendar month retained
2022-11-02,fomc,https://www.federalreserve.gov/monetarypolicy/fomccalendars.htm,Scheduled FOMC statement link in Fed meeting calendar
2022-11-04,jobs,https://alfred.stlouisfed.org/release/downloaddates?rid=50&ff=txt,ALFRED has no reference-month field; earliest listed release date in calendar month retained
2022-11-15,ppi,https://alfred.stlouisfed.org/release/downloaddates?rid=46&ff=txt,ALFRED has no reference-month field; earliest listed release date in calendar month retained
2022-12-02,jobs,https://alfred.stlouisfed.org/release/downloaddates?rid=50&ff=txt,ALFRED has no reference-month field; earliest listed release date in calendar month retained
2022-12-09,ppi,https://alfred.stlouisfed.org/release/downloaddates?rid=46&ff=txt,ALFRED has no reference-month field; earliest listed release date in calendar month retained
2022-12-14,fomc,https://www.federalreserve.gov/monetarypolicy/fomccalendars.htm,Scheduled FOMC statement link in Fed meeting calendar
2023-01-06,jobs,https://alfred.stlouisfed.org/release/downloaddates?rid=50&ff=txt,ALFRED has no reference-month field; earliest listed release date in calendar month retained
2023-01-18,ppi,https://alfred.stlouisfed.org/release/downloaddates?rid=46&ff=txt,ALFRED has no reference-month field; earliest listed release date in calendar month retained
2023-02-01,fomc,https://www.federalreserve.gov/monetarypolicy/fomccalendars.htm,Scheduled FOMC statement link in Fed meeting calendar
2023-02-03,jobs,https://alfred.stlouisfed.org/release/downloaddates?rid=50&ff=txt,ALFRED has no reference-month field; earliest listed release date in calendar month retained
2023-02-14,ppi,https://alfred.stlouisfed.org/release/downloaddates?rid=46&ff=txt,ALFRED has no reference-month field; earliest listed release date in calendar month retained
2023-03-10,jobs,https://alfred.stlouisfed.org/release/downloaddates?rid=50&ff=txt,ALFRED has no reference-month field; earliest listed release date in calendar month retained
2023-03-15,ppi,https://alfred.stlouisfed.org/release/downloaddates?rid=46&ff=txt,ALFRED has no reference-month field; earliest listed release date in calendar month retained
2023-03-22,fomc,https://www.federalreserve.gov/monetarypolicy/fomccalendars.htm,Scheduled FOMC statement link in Fed meeting calendar
2023-04-07,jobs,https://alfred.stlouisfed.org/release/downloaddates?rid=50&ff=txt,ALFRED has no reference-month field; earliest listed release date in calendar month retained
2023-04-13,ppi,https://alfred.stlouisfed.org/release/downloaddates?rid=46&ff=txt,ALFRED has no reference-month field; earliest listed release date in calendar month retained
2023-05-03,fomc,https://www.federalreserve.gov/monetarypolicy/fomccalendars.htm,Scheduled FOMC statement link in Fed meeting calendar
2023-05-05,jobs,https://alfred.stlouisfed.org/release/downloaddates?rid=50&ff=txt,ALFRED has no reference-month field; earliest listed release date in calendar month retained
2023-05-11,ppi,https://alfred.stlouisfed.org/release/downloaddates?rid=46&ff=txt,ALFRED has no reference-month field; earliest listed release date in calendar month retained
2023-06-02,jobs,https://alfred.stlouisfed.org/release/downloaddates?rid=50&ff=txt,ALFRED has no reference-month field; earliest listed release date in calendar month retained
2023-06-14,fomc,https://www.federalreserve.gov/monetarypolicy/fomccalendars.htm,Scheduled FOMC statement link in Fed meeting calendar
2023-06-14,ppi,https://alfred.stlouisfed.org/release/downloaddates?rid=46&ff=txt,ALFRED has no reference-month field; earliest listed release date in calendar month retained
2023-07-07,jobs,https://alfred.stlouisfed.org/release/downloaddates?rid=50&ff=txt,ALFRED has no reference-month field; earliest listed release date in calendar month retained
2023-07-13,ppi,https://alfred.stlouisfed.org/release/downloaddates?rid=46&ff=txt,ALFRED has no reference-month field; earliest listed release date in calendar month retained
2023-07-26,fomc,https://www.federalreserve.gov/monetarypolicy/fomccalendars.htm,Scheduled FOMC statement link in Fed meeting calendar
2023-08-04,jobs,https://alfred.stlouisfed.org/release/downloaddates?rid=50&ff=txt,ALFRED has no reference-month field; earliest listed release date in calendar month retained
2023-08-11,ppi,https://alfred.stlouisfed.org/release/downloaddates?rid=46&ff=txt,ALFRED has no reference-month field; earliest listed release date in calendar month retained
2023-09-01,jobs,https://alfred.stlouisfed.org/release/downloaddates?rid=50&ff=txt,ALFRED has no reference-month field; earliest listed release date in calendar month retained
2023-09-14,ppi,https://alfred.stlouisfed.org/release/downloaddates?rid=46&ff=txt,ALFRED has no reference-month field; earliest listed release date in calendar month retained
2023-09-20,fomc,https://www.federalreserve.gov/monetarypolicy/fomccalendars.htm,Scheduled FOMC statement link in Fed meeting calendar
2023-10-06,jobs,https://alfred.stlouisfed.org/release/downloaddates?rid=50&ff=txt,ALFRED has no reference-month field; earliest listed release date in calendar month retained
2023-10-11,ppi,https://alfred.stlouisfed.org/release/downloaddates?rid=46&ff=txt,ALFRED has no reference-month field; earliest listed release date in calendar month retained
2023-11-01,fomc,https://www.federalreserve.gov/monetarypolicy/fomccalendars.htm,Scheduled FOMC statement link in Fed meeting calendar
2023-11-03,jobs,https://alfred.stlouisfed.org/release/downloaddates?rid=50&ff=txt,ALFRED has no reference-month field; earliest listed release date in calendar month retained
2023-11-15,ppi,https://alfred.stlouisfed.org/release/downloaddates?rid=46&ff=txt,ALFRED has no reference-month field; earliest listed release date in calendar month retained
2023-12-08,jobs,https://alfred.stlouisfed.org/release/downloaddates?rid=50&ff=txt,ALFRED has no reference-month field; earliest listed release date in calendar month retained
2023-12-13,fomc,https://www.federalreserve.gov/monetarypolicy/fomccalendars.htm,Scheduled FOMC statement link in Fed meeting calendar
2023-12-13,ppi,https://alfred.stlouisfed.org/release/downloaddates?rid=46&ff=txt,ALFRED has no reference-month field; earliest listed release date in calendar month retained
2024-01-05,jobs,https://alfred.stlouisfed.org/release/downloaddates?rid=50&ff=txt,ALFRED has no reference-month field; earliest listed release date in calendar month retained
2024-01-12,ppi,https://alfred.stlouisfed.org/release/downloaddates?rid=46&ff=txt,ALFRED has no reference-month field; earliest listed release date in calendar month retained
2024-01-31,fomc,https://www.federalreserve.gov/monetarypolicy/fomccalendars.htm,Scheduled FOMC statement link in Fed meeting calendar
2024-02-02,jobs,https://alfred.stlouisfed.org/release/downloaddates?rid=50&ff=txt,ALFRED has no reference-month field; earliest listed release date in calendar month retained
2024-02-14,ppi,https://alfred.stlouisfed.org/release/downloaddates?rid=46&ff=txt,ALFRED has no reference-month field; earliest listed release date in calendar month retained
2024-03-08,jobs,https://alfred.stlouisfed.org/release/downloaddates?rid=50&ff=txt,ALFRED has no reference-month field; earliest listed release date in calendar month retained
2024-03-14,ppi,https://alfred.stlouisfed.org/release/downloaddates?rid=46&ff=txt,ALFRED has no reference-month field; earliest listed release date in calendar month retained
2024-03-20,fomc,https://www.federalreserve.gov/monetarypolicy/fomccalendars.htm,Scheduled FOMC statement link in Fed meeting calendar
2024-04-05,jobs,https://alfred.stlouisfed.org/release/downloaddates?rid=50&ff=txt,ALFRED has no reference-month field; earliest listed release date in calendar month retained
2024-04-11,ppi,https://alfred.stlouisfed.org/release/downloaddates?rid=46&ff=txt,ALFRED has no reference-month field; earliest listed release date in calendar month retained
2024-05-01,fomc,https://www.federalreserve.gov/monetarypolicy/fomccalendars.htm,Scheduled FOMC statement link in Fed meeting calendar
2024-05-03,jobs,https://alfred.stlouisfed.org/release/downloaddates?rid=50&ff=txt,ALFRED has no reference-month field; earliest listed release date in calendar month retained
2024-05-14,ppi,https://alfred.stlouisfed.org/release/downloaddates?rid=46&ff=txt,ALFRED has no reference-month field; earliest listed release date in calendar month retained
2024-06-07,jobs,https://alfred.stlouisfed.org/release/downloaddates?rid=50&ff=txt,ALFRED has no reference-month field; earliest listed release date in calendar month retained
2024-06-12,fomc,https://www.federalreserve.gov/monetarypolicy/fomccalendars.htm,Scheduled FOMC statement link in Fed meeting calendar
2024-06-13,ppi,https://alfred.stlouisfed.org/release/downloaddates?rid=46&ff=txt,ALFRED has no reference-month field; earliest listed release date in calendar month retained
2024-07-05,jobs,https://alfred.stlouisfed.org/release/downloaddates?rid=50&ff=txt,ALFRED has no reference-month field; earliest listed release date in calendar month retained
2024-07-12,ppi,https://alfred.stlouisfed.org/release/downloaddates?rid=46&ff=txt,ALFRED has no reference-month field; earliest listed release date in calendar month retained
2024-07-31,fomc,https://www.federalreserve.gov/monetarypolicy/fomccalendars.htm,Scheduled FOMC statement link in Fed meeting calendar
2024-08-02,jobs,https://alfred.stlouisfed.org/release/downloaddates?rid=50&ff=txt,ALFRED has no reference-month field; earliest listed release date in calendar month retained
2024-08-13,ppi,https://alfred.stlouisfed.org/release/downloaddates?rid=46&ff=txt,ALFRED has no reference-month field; earliest listed release date in calendar month retained
2024-09-06,jobs,https://alfred.stlouisfed.org/release/downloaddates?rid=50&ff=txt,ALFRED has no reference-month field; earliest listed release date in calendar month retained
2024-09-12,ppi,https://alfred.stlouisfed.org/release/downloaddates?rid=46&ff=txt,ALFRED has no reference-month field; earliest listed release date in calendar month retained
2024-09-18,fomc,https://www.federalreserve.gov/monetarypolicy/fomccalendars.htm,Scheduled FOMC statement link in Fed meeting calendar
2024-10-04,jobs,https://alfred.stlouisfed.org/release/downloaddates?rid=50&ff=txt,ALFRED has no reference-month field; earliest listed release date in calendar month retained
2024-10-11,ppi,https://alfred.stlouisfed.org/release/downloaddates?rid=46&ff=txt,ALFRED has no reference-month field; earliest listed release date in calendar month retained
2024-11-01,jobs,https://alfred.stlouisfed.org/release/downloaddates?rid=50&ff=txt,ALFRED has no reference-month field; earliest listed release date in calendar month retained
2024-11-07,fomc,https://www.federalreserve.gov/monetarypolicy/fomccalendars.htm,Scheduled FOMC statement link in Fed meeting calendar
2024-11-14,ppi,https://alfred.stlouisfed.org/release/downloaddates?rid=46&ff=txt,ALFRED has no reference-month field; earliest listed release date in calendar month retained
2024-12-06,jobs,https://alfred.stlouisfed.org/release/downloaddates?rid=50&ff=txt,ALFRED has no reference-month field; earliest listed release date in calendar month retained
2024-12-12,ppi,https://alfred.stlouisfed.org/release/downloaddates?rid=46&ff=txt,ALFRED has no reference-month field; earliest listed release date in calendar month retained
2024-12-18,fomc,https://www.federalreserve.gov/monetarypolicy/fomccalendars.htm,Scheduled FOMC statement link in Fed meeting calendar
2025-01-10,jobs,https://alfred.stlouisfed.org/release/downloaddates?rid=50&ff=txt,ALFRED has no reference-month field; earliest listed release date in calendar month retained; 2025 shutdown postponed September reference-month Employment Situation to 2025-11-20 and BLS canceled October report; actual release date used
2025-01-14,ppi,https://alfred.stlouisfed.org/release/downloaddates?rid=46&ff=txt,ALFRED has no reference-month field; earliest listed release date in calendar month retained; 2025 exception: calendar-year count differs: ALFRED earliest-per-calendar-month method; 2025 shutdown delayed September reference-month release to November; dates reflect actual release
2025-01-29,fomc,https://www.federalreserve.gov/monetarypolicy/fomccalendars.htm,Scheduled FOMC statement link in Fed meeting calendar
2025-02-07,jobs,https://alfred.stlouisfed.org/release/downloaddates?rid=50&ff=txt,ALFRED has no reference-month field; earliest listed release date in calendar month retained; 2025 shutdown postponed September reference-month Employment Situation to 2025-11-20 and BLS canceled October report; actual release date used
2025-02-13,ppi,https://alfred.stlouisfed.org/release/downloaddates?rid=46&ff=txt,ALFRED has no reference-month field; earliest listed release date in calendar month retained; 2025 exception: calendar-year count differs: ALFRED earliest-per-calendar-month method; 2025 shutdown delayed September reference-month release to November; dates reflect actual release
2025-03-07,jobs,https://alfred.stlouisfed.org/release/downloaddates?rid=50&ff=txt,ALFRED has no reference-month field; earliest listed release date in calendar month retained; 2025 shutdown postponed September reference-month Employment Situation to 2025-11-20 and BLS canceled October report; actual release date used
2025-03-13,ppi,https://alfred.stlouisfed.org/release/downloaddates?rid=46&ff=txt,ALFRED has no reference-month field; earliest listed release date in calendar month retained; 2025 exception: calendar-year count differs: ALFRED earliest-per-calendar-month method; 2025 shutdown delayed September reference-month release to November; dates reflect actual release
2025-03-19,fomc,https://www.federalreserve.gov/monetarypolicy/fomccalendars.htm,Scheduled FOMC statement link in Fed meeting calendar
2025-04-04,jobs,https://alfred.stlouisfed.org/release/downloaddates?rid=50&ff=txt,ALFRED has no reference-month field; earliest listed release date in calendar month retained; 2025 shutdown postponed September reference-month Employment Situation to 2025-11-20 and BLS canceled October report; actual release date used
2025-04-11,ppi,https://alfred.stlouisfed.org/release/downloaddates?rid=46&ff=txt,ALFRED has no reference-month field; earliest listed release date in calendar month retained; 2025 exception: calendar-year count differs: ALFRED earliest-per-calendar-month method; 2025 shutdown delayed September reference-month release to November; dates reflect actual release
2025-05-02,jobs,https://alfred.stlouisfed.org/release/downloaddates?rid=50&ff=txt,ALFRED has no reference-month field; earliest listed release date in calendar month retained; 2025 shutdown postponed September reference-month Employment Situation to 2025-11-20 and BLS canceled October report; actual release date used
2025-05-07,fomc,https://www.federalreserve.gov/monetarypolicy/fomccalendars.htm,Scheduled FOMC statement link in Fed meeting calendar
2025-05-15,ppi,https://alfred.stlouisfed.org/release/downloaddates?rid=46&ff=txt,ALFRED has no reference-month field; earliest listed release date in calendar month retained; 2025 exception: calendar-year count differs: ALFRED earliest-per-calendar-month method; 2025 shutdown delayed September reference-month release to November; dates reflect actual release
2025-06-06,jobs,https://alfred.stlouisfed.org/release/downloaddates?rid=50&ff=txt,ALFRED has no reference-month field; earliest listed release date in calendar month retained; 2025 shutdown postponed September reference-month Employment Situation to 2025-11-20 and BLS canceled October report; actual release date used
2025-06-12,ppi,https://alfred.stlouisfed.org/release/downloaddates?rid=46&ff=txt,ALFRED has no reference-month field; earliest listed release date in calendar month retained; 2025 exception: calendar-year count differs: ALFRED earliest-per-calendar-month method; 2025 shutdown delayed September reference-month release to November; dates reflect actual release
2025-06-18,fomc,https://www.federalreserve.gov/monetarypolicy/fomccalendars.htm,Scheduled FOMC statement link in Fed meeting calendar
2025-07-03,jobs,https://alfred.stlouisfed.org/release/downloaddates?rid=50&ff=txt,ALFRED has no reference-month field; earliest listed release date in calendar month retained; 2025 shutdown postponed September reference-month Employment Situation to 2025-11-20 and BLS canceled October report; actual release date used
2025-07-16,ppi,https://alfred.stlouisfed.org/release/downloaddates?rid=46&ff=txt,ALFRED has no reference-month field; earliest listed release date in calendar month retained; 2025 exception: calendar-year count differs: ALFRED earliest-per-calendar-month method; 2025 shutdown delayed September reference-month release to November; dates reflect actual release
2025-07-30,fomc,https://www.federalreserve.gov/monetarypolicy/fomccalendars.htm,Scheduled FOMC statement link in Fed meeting calendar
2025-08-01,jobs,https://alfred.stlouisfed.org/release/downloaddates?rid=50&ff=txt,ALFRED has no reference-month field; earliest listed release date in calendar month retained; 2025 shutdown postponed September reference-month Employment Situation to 2025-11-20 and BLS canceled October report; actual release date used
2025-08-14,ppi,https://alfred.stlouisfed.org/release/downloaddates?rid=46&ff=txt,ALFRED has no reference-month field; earliest listed release date in calendar month retained; 2025 exception: calendar-year count differs: ALFRED earliest-per-calendar-month method; 2025 shutdown delayed September reference-month release to November; dates reflect actual release
2025-09-05,jobs,https://alfred.stlouisfed.org/release/downloaddates?rid=50&ff=txt,ALFRED has no reference-month field; earliest listed release date in calendar month retained; 2025 shutdown postponed September reference-month Employment Situation to 2025-11-20 and BLS canceled October report; actual release date used
2025-09-10,ppi,https://alfred.stlouisfed.org/release/downloaddates?rid=46&ff=txt,ALFRED has no reference-month field; earliest listed release date in calendar month retained; 2025 exception: calendar-year count differs: ALFRED earliest-per-calendar-month method; 2025 shutdown delayed September reference-month release to November; dates reflect actual release
2025-09-17,fomc,https://www.federalreserve.gov/monetarypolicy/fomccalendars.htm,Scheduled FOMC statement link in Fed meeting calendar
2025-10-29,fomc,https://www.federalreserve.gov/monetarypolicy/fomccalendars.htm,Scheduled FOMC statement link in Fed meeting calendar
2025-11-20,jobs,https://alfred.stlouisfed.org/release/downloaddates?rid=50&ff=txt,ALFRED has no reference-month field; earliest listed release date in calendar month retained; 2025 shutdown postponed September reference-month Employment Situation to 2025-11-20 and BLS canceled October report; actual release date used
2025-11-25,ppi,https://alfred.stlouisfed.org/release/downloaddates?rid=46&ff=txt,ALFRED has no reference-month field; earliest listed release date in calendar month retained; 2025 exception: calendar-year count differs: ALFRED earliest-per-calendar-month method; 2025 shutdown delayed September reference-month release to November; dates reflect actual release
2025-12-10,fomc,https://www.federalreserve.gov/monetarypolicy/fomccalendars.htm,Scheduled FOMC statement link in Fed meeting calendar
2025-12-16,jobs,https://alfred.stlouisfed.org/release/downloaddates?rid=50&ff=txt,ALFRED has no reference-month field; earliest listed release date in calendar month retained; 2025 shutdown postponed September reference-month Employment Situation to 2025-11-20 and BLS canceled October report; actual release date used
2026-01-09,jobs,https://alfred.stlouisfed.org/release/downloaddates?rid=50&ff=txt,ALFRED has no reference-month field; earliest listed release date in calendar month retained; 2026 exception: calendar-year count differs: partial calendar year through 2026-09-25 only
2026-01-14,ppi,https://alfred.stlouisfed.org/release/downloaddates?rid=46&ff=txt,ALFRED has no reference-month field; earliest listed release date in calendar month retained; 2026 exception: calendar-year count differs: partial calendar year through 2026-09-25 only
2026-01-28,fomc,https://www.federalreserve.gov/monetarypolicy/fomccalendars.htm,Scheduled FOMC statement link in Fed meeting calendar; 2026 exception: calendar-year count differs: partial calendar year through 2026-09-25 only
2026-02-11,jobs,https://alfred.stlouisfed.org/release/downloaddates?rid=50&ff=txt,ALFRED has no reference-month field; earliest listed release date in calendar month retained; 2026 exception: calendar-year count differs: partial calendar year through 2026-09-25 only
2026-02-27,ppi,https://alfred.stlouisfed.org/release/downloaddates?rid=46&ff=txt,ALFRED has no reference-month field; earliest listed release date in calendar month retained; 2026 exception: calendar-year count differs: partial calendar year through 2026-09-25 only
2026-03-06,jobs,https://alfred.stlouisfed.org/release/downloaddates?rid=50&ff=txt,ALFRED has no reference-month field; earliest listed release date in calendar month retained; 2026 exception: calendar-year count differs: partial calendar year through 2026-09-25 only
2026-03-18,fomc,https://www.federalreserve.gov/monetarypolicy/fomccalendars.htm,Scheduled FOMC statement link in Fed meeting calendar; 2026 exception: calendar-year count differs: partial calendar year through 2026-09-25 only
2026-03-18,ppi,https://alfred.stlouisfed.org/release/downloaddates?rid=46&ff=txt,ALFRED has no reference-month field; earliest listed release date in calendar month retained; 2026 exception: calendar-year count differs: partial calendar year through 2026-09-25 only
2026-04-03,jobs,https://alfred.stlouisfed.org/release/downloaddates?rid=50&ff=txt,ALFRED has no reference-month field; earliest listed release date in calendar month retained; 2026 exception: calendar-year count differs: partial calendar year through 2026-09-25 only
2026-04-14,ppi,https://alfred.stlouisfed.org/release/downloaddates?rid=46&ff=txt,ALFRED has no reference-month field; earliest listed release date in calendar month retained; 2026 exception: calendar-year count differs: partial calendar year through 2026-09-25 only
2026-04-29,fomc,https://www.federalreserve.gov/monetarypolicy/fomccalendars.htm,Scheduled FOMC statement link in Fed meeting calendar; 2026 exception: calendar-year count differs: partial calendar year through 2026-09-25 only
2026-05-08,jobs,https://alfred.stlouisfed.org/release/downloaddates?rid=50&ff=txt,ALFRED has no reference-month field; earliest listed release date in calendar month retained; 2026 exception: calendar-year count differs: partial calendar year through 2026-09-25 only
2026-05-13,ppi,https://alfred.stlouisfed.org/release/downloaddates?rid=46&ff=txt,ALFRED has no reference-month field; earliest listed release date in calendar month retained; 2026 exception: calendar-year count differs: partial calendar year through 2026-09-25 only
2026-06-05,jobs,https://alfred.stlouisfed.org/release/downloaddates?rid=50&ff=txt,ALFRED has no reference-month field; earliest listed release date in calendar month retained; 2026 exception: calendar-year count differs: partial calendar year through 2026-09-25 only
2026-06-11,ppi,https://alfred.stlouisfed.org/release/downloaddates?rid=46&ff=txt,ALFRED has no reference-month field; earliest listed release date in calendar month retained; 2026 exception: calendar-year count differs: partial calendar year through 2026-09-25 only
2026-06-17,fomc,https://www.federalreserve.gov/monetarypolicy/fomccalendars.htm,Scheduled FOMC statement link in Fed meeting calendar; 2026 exception: calendar-year count differs: partial calendar year through 2026-09-25 only
2026-07-02,jobs,https://alfred.stlouisfed.org/release/downloaddates?rid=50&ff=txt,ALFRED has no reference-month field; earliest listed release date in calendar month retained; 2026 exception: calendar-year count differs: partial calendar year through 2026-09-25 only
2026-07-15,ppi,https://alfred.stlouisfed.org/release/downloaddates?rid=46&ff=txt,ALFRED has no reference-month field; earliest listed release date in calendar month retained; 2026 exception: calendar-year count differs: partial calendar year through 2026-09-25 only
2026-07-29,fomc,https://www.federalreserve.gov/monetarypolicy/fomccalendars.htm,Scheduled FOMC statement link in Fed meeting calendar; 2026 exception: calendar-year count differs: partial calendar year through 2026-09-25 only
2026-08-07,jobs,https://alfred.stlouisfed.org/release/downloaddates?rid=50&ff=txt,ALFRED has no reference-month field; earliest listed release date in calendar month retained; 2026 exception: calendar-year count differs: partial calendar year through 2026-09-25 only
2026-08-13,ppi,https://alfred.stlouisfed.org/release/downloaddates?rid=46&ff=txt,ALFRED has no reference-month field; earliest listed release date in calendar month retained; 2026 exception: calendar-year count differs: partial calendar year through 2026-09-25 only
2026-09-04,jobs,https://alfred.stlouisfed.org/release/downloaddates?rid=50&ff=txt,ALFRED has no reference-month field; earliest listed release date in calendar month retained; 2026 exception: calendar-year count differs: partial calendar year through 2026-09-25 only
2026-09-10,ppi,https://alfred.stlouisfed.org/release/downloaddates?rid=46&ff=txt,ALFRED has no reference-month field; earliest listed release date in calendar month retained; 2026 exception: calendar-year count differs: partial calendar year through 2026-09-25 only
2026-09-16,fomc,https://www.federalreserve.gov/monetarypolicy/fomccalendars.htm,Scheduled FOMC statement link in Fed meeting calendar; 2026 exception: calendar-year count differs: partial calendar year through 2026-09-25 only
