date,original_term,term,reopening,cusip
1979-10-31,10-Year,10-Year,No,912827KC5
1979-11-01,30-Year,30-Year,No,912810CK2
1980-02-07,30-Year,30-Year,No,912810CM8
1980-05-07,10-Year,9-Year 6-Month,Yes,912827KC5
1980-05-08,30-Year,30-Year,No,912810CP1
1980-08-06,10-Year,10-Year,No,912827KY7
1980-08-07,30-Year,29-Year 3-Month,Yes,912810CK2
1980-11-06,10-Year,10-Year,No,912827LF7
1980-11-07,30-Year,30-Year,No,912810CS5
1981-02-04,10-Year,9-Year 9-Month,Yes,912827LF7
1981-02-05,30-Year,29-Year 9-Month,Yes,912810CS5
1981-05-06,10-Year,10-Year,No,912827LW0
1981-05-07,30-Year,30-Year,No,912810CV8
1981-08-05,10-Year,10-Year,No,912827ME9
1981-08-06,30-Year,29-Year 9-Month,Yes,912810CV8
1981-11-04,10-Year,10-Year,No,912827MN9
1981-11-05,30-Year,30-Year,No,912810CY2
1982-02-03,10-Year,10-Year,No,912827MW9
1982-02-04,30-Year,29-Year 9-Month,Yes,912810CY2
1982-05-05,10-Year,10-Year,No,912827NE8
1982-08-04,10-Year,9-Year 9-Month,Yes,912827NE8
1982-11-04,10-Year,10-Year,No,912827NV0
1982-11-09,30-Year,30-Year,No,912810DB1
1983-02-02,10-Year,10-Year,No,912827PD8
1983-02-03,30-Year,29-Year 9-Month,Yes,912810DB1
1983-05-04,10-Year,10-Year,No,912827PM8
1983-05-05,30-Year,29-Year 6-Month,Yes,912810DB1
1983-08-03,10-Year,10-Year,No,912827PV8
1983-08-04,30-Year,30-Year,No,912810DF2
1983-11-09,10-Year,10-Year,No,912827QD7
1983-11-10,30-Year,29-Year 9-Month,Yes,912810DF2
1984-02-08,10-Year,9-Year 9-Month,Yes,912827QD7
1984-02-09,30-Year,29-Year 6-Month,Yes,912810DF2
1984-05-09,10-Year,10-Year,No,912827QU9
1984-05-10,30-Year,30-Year,No,912810DJ4
1984-08-08,10-Year,10-Year,No,912827RC8
1984-08-09,30-Year,30-Year,No,912810DL9
1984-11-07,10-Year,10-Year,No,912827RM6
1984-11-08,30-Year,30-Year,No,912810DN5
1985-02-06,10-Year,10-Year,No,912827RW4
1985-02-07,30-Year,30-Year,No,912810DP0
1985-05-08,10-Year,10-Year,No,912827SE3
1985-05-09,30-Year,29-Year 9-Month,Yes,912810DP0
1985-08-07,10-Year,10-Year,No,912827SP8
1985-08-08,30-Year,30-Year,No,912810DS4
1985-11-21,10-Year,10-Year,No,912827SY9
1985-11-22,30-Year,30-Year,No,912810DT2
1986-02-05,10-Year,10-Year,No,912827TF9
1986-02-05,10-Year,10-Year,No,912827TG7
1986-02-06,30-Year,30-Year,No,912810DV7
1986-05-07,10-Year,10-Year,No,912827TQ5
1986-05-08,30-Year,30-Year,No,912810DW5
1986-08-06,10-Year,9-Year 9-Month,Yes,912827TQ5
1986-08-07,30-Year,29-Year 9-Month,Yes,912810DW5
1986-11-05,10-Year,10-Year,No,912827UF7
1986-11-06,30-Year,30-Year,No,912810DX3
1987-02-04,10-Year,9-Year 9-Month,Yes,912827UF7
1987-02-05,30-Year,29-Year 9-Month,Yes,912810DX3
1987-05-06,10-Year,10-Year,No,912827UW0
1987-05-07,30-Year,30-Year,No,912810DY1
1987-08-12,10-Year,10-Year,No,912827VE9
1987-08-13,30-Year,30-Year,No,912810DZ8
1987-11-04,10-Year,10-Year,No,912827VN9
1987-11-05,30-Year,29-Year 9-Month,Yes,912810DZ8
1988-02-03,10-Year,10-Year,No,912827VW9
1988-02-04,30-Year,29-Year 3-Month,Yes,912810DY1
1988-05-11,10-Year,10-Year,No,912827WE8
1988-05-12,30-Year,30-Year,No,912810EA2
1988-08-10,10-Year,10-Year,No,912827WN8
1988-11-09,10-Year,10-Year,No,912827WW8
1988-11-17,30-Year,30-Year,No,912810EB0
1989-02-08,10-Year,10-Year,No,912827XE7
1989-02-09,30-Year,30-Year,No,912810EC8
1989-05-10,10-Year,10-Year,No,912827XN7
1989-05-11,30-Year,29-Year 9-Month,Yes,912810EC8
1989-08-09,10-Year,10-Year,No,912827XW7
1989-08-10,30-Year,30-Year,No,912810ED6
1989-11-13,10-Year,10-Year,No,912827YE6
1989-11-14,30-Year,29-Year 9-Month,Yes,912810ED6
1990-02-07,10-Year,10-Year,No,912827YN6
1990-02-08,30-Year,30-Year,No,912810EE4
1990-05-09,10-Year,10-Year,No,912827YW6
1990-05-10,30-Year,30-Year,No,912810EF1
1990-08-08,10-Year,10-Year,No,912827ZE5
1990-08-09,30-Year,30-Year,No,912810EG9
1990-11-07,10-Year,10-Year,No,912827ZN5
1990-11-08,30-Year,29-Year 9-Month,Yes,912810EG9
1991-02-06,10-Year,10-Year,No,912827ZX3
1991-02-07,30-Year,30-Year,No,912810EH7
1991-05-08,10-Year,10-Year,No,912827A85
1991-05-09,30-Year,30-Year,No,912810EJ3
1991-08-07,10-Year,10-Year,No,912827B92
1991-08-08,30-Year,30-Year,No,912810EK0
1991-11-06,10-Year,10-Year,No,912827D25
1991-11-07,30-Year,30-Year,No,912810EL8
1992-02-12,10-Year,9-Year 9-Month,Yes,912827D25
1992-02-13,30-Year,29-Year 9-Month,Yes,912810EL8
1992-05-06,10-Year,10-Year,No,912827F49
1992-05-07,30-Year,29-Year 6-Month,Yes,912810EL8
1992-08-12,10-Year,10-Year,No,912827G55
1992-08-13,30-Year,30-Year,No,912810EM6
1992-11-10,10-Year,9-Year 9-Month,Yes,912827G55
1992-11-12,30-Year,30-Year,No,912810EN4
1993-02-10,10-Year,10-Year,No,912827J78
1993-02-11,30-Year,30-Year,No,912810EP9
1993-05-12,10-Year,9-Year 9-Month,Yes,912827J78
1993-05-13,30-Year,29-Year 9-Month,Yes,912810EP9
1993-08-11,10-Year,10-Year,No,912827L83
1993-08-12,30-Year,30-Year,No,912810EQ7
1993-11-10,10-Year,9-Year 9-Month,Yes,912827L83
1994-02-09,10-Year,10-Year,No,912827N81
1994-02-10,30-Year,29-Year 6-Month,Yes,912810EQ7
1994-05-11,10-Year,10-Year,No,912827P89
1994-08-10,10-Year,10-Year,No,912827Q88
1994-11-09,10-Year,10-Year,No,912827R87
1995-02-08,10-Year,10-Year,No,912827S86
1995-02-09,30-Year,30-Year,No,912810ET1
1995-05-10,10-Year,10-Year,No,912827T85
1995-08-09,10-Year,10-Year,No,912827U83
1995-08-10,30-Year,30-Year,No,912810EV6
1995-11-21,10-Year,10-Year,No,912827V82
1996-02-07,10-Year,10-Year,No,912827W81
1996-02-08,30-Year,30-Year,No,912810EW4
1996-05-08,10-Year,10-Year,No,912827X80
1996-07-09,10-Year,10-Year,No,912827Y55
1996-08-07,10-Year,9-Year 11-Month,Yes,912827Y55
1996-08-08,30-Year,30-Year,No,912810EX2
1996-10-08,10-Year,10-Year,No,912827Z62
1996-11-06,10-Year,9-Year 11-Month,Yes,912827Z62
1996-11-07,30-Year,30-Year,No,912810EY0
1997-02-12,10-Year,10-Year,No,9128272J0
1997-02-13,30-Year,30-Year,No,912810EZ7
1997-05-07,10-Year,10-Year,No,9128272U5
1997-08-06,10-Year,10-Year,No,9128273E0
1997-08-07,30-Year,30-Year,No,912810FA1
1997-11-05,10-Year,9-Year 9-Month,Yes,9128273E0
1997-11-06,30-Year,30-Year,No,912810FB9
1998-02-11,10-Year,10-Year,No,9128273X8
1998-02-12,30-Year,29-Year 9-Month,Yes,912810FB9
1998-05-13,10-Year,10-Year,No,9128274F6
1998-08-12,10-Year,9-Year 9-Month,Yes,9128274F6
1998-08-13,30-Year,30-Year,No,912810FE3
1998-11-04,10-Year,10-Year,No,9128274V1
1998-11-05,30-Year,30-Year,No,912810FF0
1999-02-10,10-Year,9-Year 9-Month,Yes,9128274V1
1999-02-11,30-Year,30-Year,No,912810FG8
1999-05-12,10-Year,10-Year,No,9128275G3
1999-08-11,10-Year,10-Year,No,9128275N8
1999-08-12,30-Year,30-Year,No,912810FJ2
1999-11-10,10-Year,9-Year 9-Month,Yes,9128275N8
2000-02-09,10-Year,10-Year,No,9128275Z1
2000-05-10,10-Year,9-Year 9-Month,Yes,9128275Z1
2000-08-09,10-Year,10-Year,No,9128276J6
2000-11-08,10-Year,9-Year 9-Month,Yes,9128276J6
2001-02-07,10-Year,10-Year,No,9128276T4
2001-02-08,30-Year,30-Year,No,912810FP8
2001-05-09,10-Year,9-Year 9-Month,Yes,9128276T4
2001-08-08,10-Year,10-Year,No,9128277B2
2001-08-09,30-Year,29-Year 6-Month,Yes,912810FP8
2001-10-04,10-Year,9-Year 10-Month,Yes,9128277B2
2001-11-07,10-Year,9-Year 9-Month,Yes,9128277B2
2002-02-06,10-Year,10-Year,No,9128277L0
2002-05-08,10-Year,9-Year 9-Month,Yes,9128277L0
2002-08-07,10-Year,10-Year,No,912828AJ9
2002-11-06,10-Year,10-Year,No,912828AP5
2003-02-12,10-Year,10-Year,No,912828AU4
2003-05-08,10-Year,10-Year,No,912828BA7
2003-08-07,10-Year,10-Year,No,912828BH2
2003-09-11,10-Year,9-Year 11-Month,Yes,912828BH2
2003-11-13,10-Year,10-Year,No,912828BR0
2003-12-11,10-Year,9-Year 11-Month,Yes,912828BR0
2004-02-12,10-Year,10-Year,No,912828CA6
2004-03-11,10-Year,9-Year 11-Month,Yes,912828CA6
2004-05-13,10-Year,10-Year,No,912828CJ7
2004-06-10,10-Year,9-Year 11-Month,Yes,912828CJ7
2004-08-12,10-Year,10-Year,No,912828CT5
2004-09-09,10-Year,9-Year 11-Month,Yes,912828CT5
2004-11-10,10-Year,10-Year,No,912828DC1
2004-12-09,10-Year,9-Year 11-Month,Yes,912828DC1
2005-02-10,10-Year,10-Year,No,912828DM9
2005-03-10,10-Year,9-Year 11-Month,Yes,912828DM9
2005-05-12,10-Year,10-Year,No,912828DV9
2005-06-09,10-Year,9-Year 11-Month,Yes,912828DV9
2005-08-11,10-Year,10-Year,No,912828EE6
2005-09-08,10-Year,9-Year 11-Month,Yes,912828EE6
2005-11-10,10-Year,10-Year,No,912828EN6
2005-12-08,10-Year,9-Year 11-Month,Yes,912828EN6
2006-02-08,10-Year,10-Year,No,912828EW6
2006-02-09,30-Year,30-Year,No,912810FT0
2006-03-09,10-Year,9-Year 11-Month,Yes,912828EW6
2006-05-11,10-Year,10-Year,No,912828FF2
2006-06-08,10-Year,9-Year 11-Month,Yes,912828FF2
2006-08-09,10-Year,10-Year,No,912828FQ8
2006-08-10,30-Year,29-Year 6-Month,Yes,912810FT0
2006-09-12,10-Year,9-Year 11-Month,Yes,912828FQ8
2006-11-09,10-Year,10-Year,No,912828FY1
2006-12-13,10-Year,9-Year 11-Month,Yes,912828FY1
2007-02-07,10-Year,10-Year,No,912828GH7
2007-02-08,30-Year,30-Year,No,912810PT9
2007-03-13,10-Year,9-Year 11-Month,Yes,912828GH7
2007-05-08,10-Year,10-Year,No,912828GS3
2007-05-10,30-Year,29-Year 9-Month,Yes,912810PT9
2007-06-12,10-Year,9-Year 11-Month,Yes,912828GS3
2007-08-08,10-Year,10-Year,No,912828HA1
2007-09-13,10-Year,9-Year 11-Month,Yes,912828HA1
2007-11-07,10-Year,10-Year,No,912828HH6
2007-12-13,10-Year,9-Year 11-Month,Yes,912828HH6
2008-02-06,10-Year,10-Year,No,912828HR4
2008-02-07,30-Year,30-Year,No,912810PW2
2008-03-13,10-Year,9-Year 11-Month,Yes,912828HR4
2008-05-07,10-Year,10-Year,No,912828HZ6
2008-05-08,30-Year,29-Year 9-Month,Yes,912810PW2
2008-06-12,10-Year,9-Year 11-Month,Yes,912828HZ6
2008-08-06,10-Year,10-Year,No,912828JH4
2008-09-11,10-Year,9-Year 11-Month,Yes,912828JH4
2008-10-08,10-Year,6-Year 7-Month,Yes,912828DV9
2008-10-08,10-Year,6-Year 10-Month,Yes,912828EE6
2008-10-09,10-Year,6-Year 4-Month,Yes,912828DM9
2008-10-09,10-Year,9-Year 4-Month,Yes,912828HR4
2008-11-12,10-Year,10-Year,No,912828JR2
2008-12-11,10-Year,9-Year 11-Month,Yes,912828JR2
2009-01-08,10-Year,9-Year 10-Month,Yes,912828JR2
2009-02-11,10-Year,10-Year,No,912828KD1
2009-02-12,30-Year,30-Year,No,912810QA9
2009-03-11,10-Year,9-Year 11-Month,Yes,912828KD1
2009-03-12,30-Year,29-Year 11-Month,Yes,912810QA9
2009-04-09,10-Year,9-Year 10-Month,Yes,912828KD1
2009-05-06,10-Year,10-Year,No,912828KQ2
2009-05-07,30-Year,30-Year,No,912810QB7
2009-06-10,10-Year,9-Year 11-Month,Yes,912828KQ2
2009-06-11,30-Year,29-Year 11-Month,Yes,912810QB7
2009-07-08,10-Year,9-Year 10-Month,Yes,912828KQ2
2009-07-09,30-Year,29-Year 10-Month,Yes,912810QB7
2009-08-12,10-Year,10-Year,No,912828LJ7
2009-08-13,30-Year,30-Year,No,912810QC5
2009-09-09,10-Year,9-Year 11-Month,Yes,912828LJ7
2009-09-10,30-Year,29-Year 11-Month,Yes,912810QC5
2009-10-07,10-Year,9-Year 10-Month,Yes,912828LJ7
2009-10-08,30-Year,29-Year 10-Month,Yes,912810QC5
2009-11-10,10-Year,10-Year,No,912828LY4
2009-11-12,30-Year,30-Year,No,912810QD3
2009-12-09,10-Year,9-Year 11-Month,Yes,912828LY4
2009-12-10,30-Year,29-Year 11-Month,Yes,912810QD3
2010-01-13,10-Year,9-Year 10-Month,Yes,912828LY4
2010-01-14,30-Year,29-Year 10-Month,Yes,912810QD3
2010-02-10,10-Year,10-Year,No,912828MP2
2010-02-11,30-Year,30-Year,No,912810QE1
2010-03-10,10-Year,9-Year 11-Month,Yes,912828MP2
2010-03-11,30-Year,29-Year 11-Month,Yes,912810QE1
2010-04-07,10-Year,9-Year 10-Month,Yes,912828MP2
2010-04-08,30-Year,29-Year 10-Month,Yes,912810QE1
2010-05-12,10-Year,10-Year,No,912828ND8
2010-05-13,30-Year,30-Year,No,912810QH4
2010-06-09,10-Year,9-Year 11-Month,Yes,912828ND8
2010-06-10,30-Year,29-Year 11-Month,Yes,912810QH4
2010-07-13,10-Year,9-Year 10-Month,Yes,912828ND8
2010-07-14,30-Year,29-Year 10-Month,Yes,912810QH4
2010-08-11,10-Year,10-Year,No,912828NT3
2010-08-12,30-Year,30-Year,No,912810QK7
2010-09-08,10-Year,9-Year 11-Month,Yes,912828NT3
2010-09-09,30-Year,29-Year 11-Month,Yes,912810QK7
2010-10-13,10-Year,9-Year 10-Month,Yes,912828NT3
2010-10-14,30-Year,29-Year 10-Month,Yes,912810QK7
2010-11-09,10-Year,10-Year,No,912828PC8
2010-11-10,30-Year,30-Year,No,912810QL5
2010-12-08,10-Year,9-Year 11-Month,Yes,912828PC8
2010-12-09,30-Year,29-Year 11-Month,Yes,912810QL5
2011-01-12,10-Year,9-Year 10-Month,Yes,912828PC8
2011-01-13,30-Year,29-Year 10-Month,Yes,912810QL5
2011-02-09,10-Year,10-Year,No,912828PX2
2011-02-10,30-Year,30-Year,No,912810QN1
2011-03-09,10-Year,9-Year 11-Month,Yes,912828PX2
2011-03-10,30-Year,29-Year 11-Month,Yes,912810QN1
2011-04-13,10-Year,9-Year 10-Month,Yes,912828PX2
2011-04-14,30-Year,29-Year 10-Month,Yes,912810QN1
2011-05-11,10-Year,10-Year,No,912828QN3
2011-05-12,30-Year,30-Year,No,912810QQ4
2011-06-08,10-Year,9-Year 11-Month,Yes,912828QN3
2011-06-09,30-Year,29-Year 11-Month,Yes,912810QQ4
2011-07-13,10-Year,9-Year 10-Month,Yes,912828QN3
2011-07-14,30-Year,29-Year 10-Month,Yes,912810QQ4
2011-08-10,10-Year,10-Year,No,912828RC6
2011-08-11,30-Year,30-Year,No,912810QS0
2011-09-13,10-Year,9-Year 11-Month,Yes,912828RC6
2011-09-14,30-Year,29-Year 11-Month,Yes,912810QS0
2011-10-12,10-Year,9-Year 10-Month,Yes,912828RC6
2011-10-13,30-Year,29-Year 10-Month,Yes,912810QS0
2011-11-09,10-Year,10-Year,No,912828RR3
2011-11-10,30-Year,30-Year,No,912810QT8
2011-12-13,10-Year,9-Year 11-Month,Yes,912828RR3
2011-12-14,30-Year,29-Year 11-Month,Yes,912810QT8
2012-01-11,10-Year,9-Year 10-Month,Yes,912828RR3
2012-01-12,30-Year,29-Year 10-Month,Yes,912810QT8
2012-02-08,10-Year,10-Year,No,912828SF8
2012-02-09,30-Year,30-Year,No,912810QU5
2012-03-13,10-Year,9-Year 11-Month,Yes,912828SF8
2012-03-14,30-Year,29-Year 11-Month,Yes,912810QU5
2012-04-11,10-Year,9-Year 10-Month,Yes,912828SF8
2012-04-12,30-Year,29-Year 10-Month,Yes,912810QU5
2012-05-09,10-Year,10-Year,No,912828SV3
2012-05-10,30-Year,30-Year,No,912810QW1
2012-06-13,10-Year,9-Year 11-Month,Yes,912828SV3
2012-06-14,30-Year,29-Year 11-Month,Yes,912810QW1
2012-07-11,10-Year,9-Year 10-Month,Yes,912828SV3
2012-07-12,30-Year,29-Year 10-Month,Yes,912810QW1
2012-08-08,10-Year,10-Year,No,912828TJ9
2012-08-09,30-Year,30-Year,No,912810QX9
2012-09-12,10-Year,9-Year 11-Month,Yes,912828TJ9
2012-09-13,30-Year,29-Year 11-Month,Yes,912810QX9
2012-10-10,10-Year,9-Year 10-Month,Yes,912828TJ9
2012-10-11,30-Year,29-Year 10-Month,Yes,912810QX9
2012-11-07,10-Year,10-Year,No,912828TY6
2012-11-08,30-Year,30-Year,No,912810QY7
2012-12-12,10-Year,9-Year 11-Month,Yes,912828TY6
2012-12-13,30-Year,29-Year 11-Month,Yes,912810QY7
2013-01-09,10-Year,9-Year 10-Month,Yes,912828TY6
2013-01-10,30-Year,29-Year 10-Month,Yes,912810QY7
2013-02-13,10-Year,10-Year,No,912828UN8
2013-02-14,30-Year,30-Year,No,912810QZ4
2013-03-13,10-Year,9-Year 11-Month,Yes,912828UN8
2013-03-14,30-Year,29-Year 11-Month,Yes,912810QZ4
2013-04-10,10-Year,9-Year 10-Month,Yes,912828UN8
2013-04-11,30-Year,29-Year 10-Month,Yes,912810QZ4
2013-05-08,10-Year,10-Year,No,912828VB3
2013-05-09,30-Year,30-Year,No,912810RB6
2013-06-12,10-Year,9-Year 11-Month,Yes,912828VB3
2013-06-13,30-Year,29-Year 11-Month,Yes,912810RB6
2013-07-10,10-Year,9-Year 10-Month,Yes,912828VB3
2013-07-11,30-Year,29-Year 10-Month,Yes,912810RB6
2013-08-07,10-Year,10-Year,No,912828VS6
2013-08-08,30-Year,30-Year,No,912810RC4
2013-09-11,10-Year,9-Year 11-Month,Yes,912828VS6
2013-09-12,30-Year,29-Year 11-Month,Yes,912810RC4
2013-10-09,10-Year,9-Year 10-Month,Yes,912828VS6
2013-10-10,30-Year,29-Year 10-Month,Yes,912810RC4
2013-11-13,10-Year,10-Year,No,912828WE6
2013-11-14,30-Year,30-Year,No,912810RD2
2013-12-11,10-Year,9-Year 11-Month,Yes,912828WE6
2013-12-12,30-Year,29-Year 11-Month,Yes,912810RD2
2014-01-08,10-Year,9-Year 10-Month,Yes,912828WE6
2014-01-09,30-Year,29-Year 10-Month,Yes,912810RD2
2014-02-12,10-Year,10-Year,No,912828B66
2014-02-13,30-Year,30-Year,No,912810RE0
2014-03-12,10-Year,9-Year 11-Month,Yes,912828B66
2014-03-13,30-Year,29-Year 11-Month,Yes,912810RE0
2014-04-09,10-Year,9-Year 10-Month,Yes,912828B66
2014-04-10,30-Year,29-Year 10-Month,Yes,912810RE0
2014-05-07,10-Year,10-Year,No,912828WJ5
2014-05-08,30-Year,30-Year,No,912810RG5
2014-06-11,10-Year,9-Year 11-Month,Yes,912828WJ5
2014-06-12,30-Year,29-Year 11-Month,Yes,912810RG5
2014-07-09,10-Year,9-Year 10-Month,Yes,912828WJ5
2014-07-10,30-Year,29-Year 10-Month,Yes,912810RG5
2014-08-13,10-Year,10-Year,No,912828D56
2014-08-14,30-Year,30-Year,No,912810RH3
2014-09-10,10-Year,9-Year 11-Month,Yes,912828D56
2014-09-11,30-Year,29-Year 11-Month,Yes,912810RH3
2014-10-08,10-Year,9-Year 10-Month,Yes,912828D56
2014-10-09,30-Year,29-Year 10-Month,Yes,912810RH3
2014-11-12,10-Year,10-Year,No,912828G38
2014-11-13,30-Year,30-Year,No,912810RJ9
2014-12-10,10-Year,9-Year 11-Month,Yes,912828G38
2014-12-11,30-Year,29-Year 11-Month,Yes,912810RJ9
2015-01-13,10-Year,9-Year 10-Month,Yes,912828G38
2015-01-14,30-Year,29-Year 10-Month,Yes,912810RJ9
2015-02-11,10-Year,10-Year,No,912828J27
2015-02-12,30-Year,30-Year,No,912810RK6
2015-03-11,10-Year,9-Year 11-Month,Yes,912828J27
2015-03-12,30-Year,29-Year 11-Month,Yes,912810RK6
2015-04-08,10-Year,9-Year 10-Month,Yes,912828J27
2015-04-09,30-Year,29-Year 10-Month,Yes,912810RK6
2015-05-13,10-Year,10-Year,No,912828XB1
2015-05-14,30-Year,30-Year,No,912810RM2
2015-06-10,10-Year,9-Year 11-Month,Yes,912828XB1
2015-06-11,30-Year,29-Year 11-Month,Yes,912810RM2
2015-07-08,10-Year,9-Year 10-Month,Yes,912828XB1
2015-07-09,30-Year,29-Year 10-Month,Yes,912810RM2
2015-08-12,10-Year,10-Year,No,912828K74
2015-08-13,30-Year,30-Year,No,912810RN0
2015-09-09,10-Year,9-Year 11-Month,Yes,912828K74
2015-09-10,30-Year,29-Year 11-Month,Yes,912810RN0
2015-10-07,10-Year,9-Year 10-Month,Yes,912828K74
2015-10-08,30-Year,29-Year 10-Month,Yes,912810RN0
2015-11-10,10-Year,10-Year,No,912828M56
2015-11-12,30-Year,30-Year,No,912810RP5
2015-12-09,10-Year,9-Year 11-Month,Yes,912828M56
2015-12-10,30-Year,29-Year 11-Month,Yes,912810RP5
2016-01-13,10-Year,9-Year 10-Month,Yes,912828M56
2016-01-14,30-Year,29-Year 10-Month,Yes,912810RP5
2016-02-10,10-Year,10-Year,No,912828P46
2016-02-11,30-Year,30-Year,No,912810RQ3
2016-03-09,10-Year,9-Year 11-Month,Yes,912828P46
2016-03-10,30-Year,29-Year 11-Month,Yes,912810RQ3
2016-04-13,10-Year,9-Year 10-Month,Yes,912828P46
2016-04-14,30-Year,29-Year 10-Month,Yes,912810RQ3
2016-05-11,10-Year,10-Year,No,912828R36
2016-05-12,30-Year,30-Year,No,912810RS9
2016-06-08,10-Year,9-Year 11-Month,Yes,912828R36
2016-06-09,30-Year,29-Year 11-Month,Yes,912810RS9
2016-07-12,10-Year,9-Year 10-Month,Yes,912828R36
2016-07-13,30-Year,29-Year 10-Month,Yes,912810RS9
2016-08-10,10-Year,10-Year,No,9128282A7
2016-08-11,30-Year,30-Year,No,912810RT7
2016-09-12,10-Year,9-Year 11-Month,Yes,9128282A7
2016-09-13,30-Year,29-Year 11-Month,Yes,912810RT7
2016-10-12,10-Year,9-Year 10-Month,Yes,9128282A7
2016-10-13,30-Year,29-Year 10-Month,Yes,912810RT7
2016-11-09,10-Year,10-Year,No,912828U24
2016-11-10,30-Year,30-Year,No,912810RU4
2016-12-12,10-Year,9-Year 11-Month,Yes,912828U24
2016-12-13,30-Year,29-Year 11-Month,Yes,912810RU4
2017-01-11,10-Year,9-Year 10-Month,Yes,912828U24
2017-01-12,30-Year,29-Year 10-Month,Yes,912810RU4
2017-02-08,10-Year,10-Year,No,912828V98
2017-02-09,30-Year,30-Year,No,912810RV2
2017-03-08,10-Year,9-Year 11-Month,Yes,912828V98
2017-03-09,30-Year,29-Year 11-Month,Yes,912810RV2
2017-04-11,10-Year,9-Year 10-Month,Yes,912828V98
2017-04-12,30-Year,29-Year 10-Month,Yes,912810RV2
2017-05-10,10-Year,10-Year,No,912828X88
2017-05-11,30-Year,30-Year,No,912810RX8
2017-06-12,10-Year,9-Year 11-Month,Yes,912828X88
2017-06-13,30-Year,29-Year 11-Month,Yes,912810RX8
2017-07-12,10-Year,9-Year 10-Month,Yes,912828X88
2017-07-13,30-Year,29-Year 10-Month,Yes,912810RX8
2017-08-09,10-Year,10-Year,No,9128282R0
2017-08-10,30-Year,30-Year,No,912810RY6
2017-09-12,10-Year,9-Year 11-Month,Yes,9128282R0
2017-09-13,30-Year,29-Year 11-Month,Yes,912810RY6
2017-10-11,10-Year,9-Year 10-Month,Yes,9128282R0
2017-10-12,30-Year,29-Year 10-Month,Yes,912810RY6
2017-11-08,10-Year,10-Year,No,9128283F5
2017-11-09,30-Year,30-Year,No,912810RZ3
2017-12-11,10-Year,9-Year 11-Month,Yes,9128283F5
2017-12-12,30-Year,29-Year 11-Month,Yes,912810RZ3
2018-01-10,10-Year,9-Year 10-Month,Yes,9128283F5
2018-01-11,30-Year,29-Year 10-Month,Yes,912810RZ3
2018-02-07,10-Year,10-Year,No,9128283W8
2018-02-08,30-Year,30-Year,No,912810SA7
2018-03-12,10-Year,9-Year 11-Month,Yes,9128283W8
2018-03-13,30-Year,29-Year 11-Month,Yes,912810SA7
2018-04-11,10-Year,9-Year 10-Month,Yes,9128283W8
2018-04-12,30-Year,29-Year 10-Month,Yes,912810SA7
2018-05-09,10-Year,10-Year,No,9128284N7
2018-05-10,30-Year,30-Year,No,912810SC3
2018-06-11,10-Year,9-Year 11-Month,Yes,9128284N7
2018-06-12,30-Year,29-Year 11-Month,Yes,912810SC3
2018-07-11,10-Year,9-Year 10-Month,Yes,9128284N7
2018-07-12,30-Year,29-Year 10-Month,Yes,912810SC3
2018-08-08,10-Year,10-Year,No,9128284V9
2018-08-09,30-Year,30-Year,No,912810SD1
2018-09-12,10-Year,9-Year 11-Month,Yes,9128284V9
2018-09-13,30-Year,29-Year 11-Month,Yes,912810SD1
2018-10-10,10-Year,9-Year 10-Month,Yes,9128284V9
2018-10-11,30-Year,29-Year 10-Month,Yes,912810SD1
2018-11-06,10-Year,10-Year,No,9128285M8
2018-11-07,30-Year,30-Year,No,912810SE9
2018-12-12,10-Year,9-Year 11-Month,Yes,9128285M8
2018-12-13,30-Year,29-Year 11-Month,Yes,912810SE9
2019-01-09,10-Year,9-Year 10-Month,Yes,9128285M8
2019-01-10,30-Year,29-Year 10-Month,Yes,912810SE9
2019-02-06,10-Year,10-Year,No,9128286B1
2019-02-07,30-Year,30-Year,No,912810SF6
2019-03-12,10-Year,9-Year 11-Month,Yes,9128286B1
2019-03-13,30-Year,29-Year 11-Month,Yes,912810SF6
2019-04-10,10-Year,9-Year 10-Month,Yes,9128286B1
2019-04-11,30-Year,29-Year 10-Month,Yes,912810SF6
2019-05-08,10-Year,10-Year,No,9128286T2
2019-05-09,30-Year,30-Year,No,912810SH2
2019-06-12,10-Year,9-Year 11-Month,Yes,9128286T2
2019-06-13,30-Year,29-Year 11-Month,Yes,912810SH2
2019-06-21,10-Year,9-Year 11-Month,Yes,9128286T2
2019-07-10,10-Year,9-Year 10-Month,Yes,9128286T2
2019-07-11,30-Year,29-Year 10-Month,Yes,912810SH2
2019-08-07,10-Year,10-Year,No,912828YB0
2019-08-08,30-Year,30-Year,No,912810SJ8
2019-09-11,10-Year,9-Year 11-Month,Yes,912828YB0
2019-09-12,30-Year,29-Year 11-Month,Yes,912810SJ8
2019-10-09,10-Year,9-Year 10-Month,Yes,912828YB0
2019-10-10,30-Year,29-Year 10-Month,Yes,912810SJ8
2019-11-05,10-Year,3-Year,Yes,912828TY6
2019-11-06,10-Year,10-Year,No,912828YS3
2019-11-07,30-Year,30-Year,No,912810SK5
2019-12-10,10-Year,9-Year 11-Month,Yes,912828YS3
2019-12-12,30-Year,29-Year 11-Month,Yes,912810SK5
2020-01-08,10-Year,9-Year 10-Month,Yes,912828YS3
2020-01-09,30-Year,29-Year 10-Month,Yes,912810SK5
2020-02-12,10-Year,10-Year,No,912828Z94
2020-02-13,30-Year,30-Year,No,912810SL3
2020-03-11,10-Year,9-Year 11-Month,Yes,912828Z94
2020-03-12,30-Year,29-Year 11-Month,Yes,912810SL3
2020-04-07,10-Year,9-Year 10-Month,Yes,912828Z94
2020-04-08,30-Year,29-Year 10-Month,Yes,912810SL3
2020-05-12,10-Year,10-Year,No,912828ZQ6
2020-05-13,30-Year,30-Year,No,912810SN9
2020-06-09,10-Year,9-Year 11-Month,Yes,912828ZQ6
2020-06-11,30-Year,29-Year 11-Month,Yes,912810SN9
2020-07-08,10-Year,9-Year 10-Month,Yes,912828ZQ6
2020-07-09,30-Year,29-Year 10-Month,Yes,912810SN9
2020-08-12,10-Year,10-Year,No,91282CAE1
2020-08-13,30-Year,30-Year,No,912810SP4
2020-09-09,10-Year,9-Year 11-Month,Yes,91282CAE1
2020-09-10,30-Year,29-Year 11-Month,Yes,912810SP4
2020-10-07,10-Year,9-Year 10-Month,Yes,91282CAE1
2020-10-08,30-Year,29-Year 10-Month,Yes,912810SP4
2020-11-10,10-Year,10-Year,No,91282CAV3
2020-11-12,30-Year,30-Year,No,912810SS8
2020-12-09,10-Year,9-Year 11-Month,Yes,91282CAV3
2020-12-10,30-Year,29-Year 11-Month,Yes,912810SS8
2021-01-12,10-Year,9-Year 10-Month,Yes,91282CAV3
2021-01-13,30-Year,29-Year 10-Month,Yes,912810SS8
2021-02-10,10-Year,10-Year,No,91282CBL4
2021-02-11,30-Year,30-Year,No,912810SU3
2021-03-10,10-Year,9-Year 11-Month,Yes,91282CBL4
2021-03-11,30-Year,29-Year 11-Month,Yes,912810SU3
2021-04-12,10-Year,9-Year 10-Month,Yes,91282CBL4
2021-04-13,30-Year,29-Year 10-Month,Yes,912810SU3
2021-05-12,10-Year,10-Year,No,91282CCB5
2021-05-13,30-Year,30-Year,No,912810SX7
2021-06-09,10-Year,9-Year 11-Month,Yes,91282CCB5
2021-06-10,30-Year,29-Year 11-Month,Yes,912810SX7
2021-07-12,10-Year,9-Year 10-Month,Yes,91282CCB5
2021-07-13,30-Year,29-Year 10-Month,Yes,912810SX7
2021-08-11,10-Year,10-Year,No,91282CCS8
2021-08-12,30-Year,30-Year,No,912810SZ2
2021-09-08,10-Year,9-Year 11-Month,Yes,91282CCS8
2021-09-09,30-Year,29-Year 11-Month,Yes,912810SZ2
2021-10-12,10-Year,9-Year 10-Month,Yes,91282CCS8
2021-10-13,30-Year,29-Year 10-Month,Yes,912810SZ2
2021-11-09,10-Year,10-Year,No,91282CDJ7
2021-11-10,30-Year,30-Year,No,912810TB4
2021-12-08,10-Year,9-Year 11-Month,Yes,91282CDJ7
2021-12-09,30-Year,29-Year 11-Month,Yes,912810TB4
2022-01-12,10-Year,9-Year 10-Month,Yes,91282CDJ7
2022-01-13,30-Year,29-Year 10-Month,Yes,912810TB4
2022-02-09,10-Year,10-Year,No,91282CDY4
2022-02-10,30-Year,30-Year,No,912810TD0
2022-03-09,10-Year,9-Year 11-Month,Yes,91282CDY4
2022-03-10,30-Year,29-Year 11-Month,Yes,912810TD0
2022-04-12,10-Year,9-Year 10-Month,Yes,91282CDY4
2022-04-13,30-Year,29-Year 10-Month,Yes,912810TD0
2022-05-11,10-Year,10-Year,No,91282CEP2
2022-05-12,30-Year,30-Year,No,912810TG3
2022-06-08,10-Year,9-Year 11-Month,Yes,91282CEP2
2022-06-09,30-Year,29-Year 11-Month,Yes,912810TG3
2022-07-12,10-Year,9-Year 10-Month,Yes,91282CEP2
2022-07-13,30-Year,29-Year 10-Month,Yes,912810TG3
2022-08-10,10-Year,10-Year,No,91282CFF3
2022-08-11,30-Year,30-Year,No,912810TJ7
2022-09-12,10-Year,9-Year 11-Month,Yes,91282CFF3
2022-09-13,30-Year,29-Year 11-Month,Yes,912810TJ7
2022-10-12,10-Year,9-Year 10-Month,Yes,91282CFF3
2022-10-13,30-Year,29-Year 10-Month,Yes,912810TJ7
2022-11-09,10-Year,10-Year,No,91282CFV8
2022-11-10,30-Year,30-Year,No,912810TL2
2022-12-12,10-Year,9-Year 11-Month,Yes,91282CFV8
2022-12-13,30-Year,29-Year 11-Month,Yes,912810TL2
2023-01-11,10-Year,9-Year 10-Month,Yes,91282CFV8
2023-01-12,30-Year,29-Year 10-Month,Yes,912810TL2
2023-02-08,10-Year,10-Year,No,91282CGM7
2023-02-09,30-Year,30-Year,No,912810TN8
2023-03-08,10-Year,9-Year 11-Month,Yes,91282CGM7
2023-03-09,30-Year,29-Year 11-Month,Yes,912810TN8
2023-04-12,10-Year,9-Year 10-Month,Yes,91282CGM7
2023-04-13,30-Year,29-Year 10-Month,Yes,912810TN8
2023-05-10,10-Year,10-Year,No,91282CHC8
2023-05-11,30-Year,30-Year,No,912810TR9
2023-06-12,10-Year,9-Year 11-Month,Yes,91282CHC8
2023-06-13,30-Year,29-Year 11-Month,Yes,912810TR9
2023-07-12,10-Year,9-Year 10-Month,Yes,91282CHC8
2023-07-13,30-Year,29-Year 10-Month,Yes,912810TR9
2023-08-09,10-Year,10-Year,No,91282CHT1
2023-08-10,30-Year,30-Year,No,912810TT5
2023-09-12,10-Year,9-Year 11-Month,Yes,91282CHT1
2023-09-13,30-Year,29-Year 11-Month,Yes,912810TT5
2023-10-11,10-Year,9-Year 10-Month,Yes,91282CHT1
2023-10-12,30-Year,29-Year 10-Month,Yes,912810TT5
2023-11-08,10-Year,10-Year,No,91282CJJ1
2023-11-09,30-Year,30-Year,No,912810TV0
2023-12-11,10-Year,9-Year 11-Month,Yes,91282CJJ1
2023-12-12,30-Year,29-Year 11-Month,Yes,912810TV0
2024-01-10,10-Year,9-Year 10-Month,Yes,91282CJJ1
2024-01-11,30-Year,29-Year 10-Month,Yes,912810TV0
2024-02-07,10-Year,10-Year,No,91282CJZ5
2024-02-08,30-Year,30-Year,No,912810TX6
2024-03-12,10-Year,9-Year 11-Month,Yes,91282CJZ5
2024-03-13,30-Year,29-Year 11-Month,Yes,912810TX6
2024-04-10,10-Year,9-Year 10-Month,Yes,91282CJZ5
2024-04-11,30-Year,29-Year 10-Month,Yes,912810TX6
2024-05-08,10-Year,10-Year,No,91282CKQ3
2024-05-09,30-Year,30-Year,No,912810UA4
2024-06-11,10-Year,9-Year 11-Month,Yes,91282CKQ3
2024-06-13,30-Year,29-Year 11-Month,Yes,912810UA4
2024-07-10,10-Year,9-Year 10-Month,Yes,91282CKQ3
2024-07-11,30-Year,29-Year 10-Month,Yes,912810UA4
2024-08-07,10-Year,10-Year,No,91282CLF6
2024-08-08,30-Year,30-Year,No,912810UC0
2024-09-11,10-Year,9-Year 11-Month,Yes,91282CLF6
2024-09-12,30-Year,29-Year 11-Month,Yes,912810UC0
2024-10-09,10-Year,9-Year 10-Month,Yes,91282CLF6
2024-10-10,30-Year,29-Year 10-Month,Yes,912810UC0
2024-11-05,10-Year,10-Year,No,91282CLW9
2024-11-06,30-Year,30-Year,No,912810UE6
2024-12-11,10-Year,9-Year 11-Month,Yes,91282CLW9
2024-12-12,30-Year,29-Year 11-Month,Yes,912810UE6
2025-01-07,10-Year,9-Year 10-Month,Yes,91282CLW9
2025-01-08,30-Year,29-Year 10-Month,Yes,912810UE6
2025-02-12,10-Year,10-Year,No,91282CMM0
2025-02-13,30-Year,30-Year,No,912810UG1
2025-03-12,10-Year,9-Year 11-Month,Yes,91282CMM0
2025-03-13,30-Year,29-Year 11-Month,Yes,912810UG1
2025-04-09,10-Year,9-Year 10-Month,Yes,91282CMM0
2025-04-10,30-Year,29-Year 10-Month,Yes,912810UG1
2025-05-06,10-Year,10-Year,No,91282CNC1
2025-05-08,30-Year,30-Year,No,912810UK2
2025-06-11,10-Year,9-Year 11-Month,Yes,91282CNC1
2025-06-12,30-Year,29-Year 11-Month,Yes,912810UK2
2025-07-09,10-Year,9-Year 10-Month,Yes,91282CNC1
2025-07-10,30-Year,29-Year 10-Month,Yes,912810UK2
2025-08-06,10-Year,10-Year,No,91282CNT4
2025-08-07,30-Year,30-Year,No,912810UM8
2025-09-10,10-Year,9-Year 11-Month,Yes,91282CNT4
2025-09-11,30-Year,29-Year 11-Month,Yes,912810UM8
2025-10-08,10-Year,9-Year 10-Month,Yes,91282CNT4
2025-10-09,30-Year,29-Year 10-Month,Yes,912810UM8
2025-11-12,10-Year,10-Year,No,91282CPJ4
2025-11-13,30-Year,30-Year,No,912810UP1
2025-12-09,10-Year,9-Year 11-Month,Yes,91282CPJ4
2025-12-11,30-Year,29-Year 11-Month,Yes,912810UP1
2026-01-12,10-Year,9-Year 10-Month,Yes,91282CPJ4
2026-01-13,30-Year,29-Year 10-Month,Yes,912810UP1
2026-02-11,10-Year,10-Year,No,91282CPZ8
2026-02-12,30-Year,30-Year,No,912810UR7
2026-03-11,10-Year,9-Year 11-Month,Yes,91282CPZ8
2026-03-12,30-Year,29-Year 11-Month,Yes,912810UR7
2026-04-08,10-Year,9-Year 10-Month,Yes,91282CPZ8
2026-04-09,30-Year,29-Year 10-Month,Yes,912810UR7
2026-05-12,10-Year,10-Year,No,91282CQQ7
2026-05-13,30-Year,30-Year,No,912810UU0
2026-06-10,10-Year,9-Year 11-Month,Yes,91282CQQ7
2026-06-11,30-Year,29-Year 11-Month,Yes,912810UU0
2026-07-08,10-Year,9-Year 10-Month,Yes,91282CQQ7
2026-07-09,30-Year,29-Year 10-Month,Yes,912810UU0
2026-08-12,10-Year,10-Year,No,91282CRF0
2026-08-13,30-Year,30-Year,No,912810UW6
2026-09-09,10-Year,9-Year 11-Month,Yes,91282CRF0
2026-09-10,30-Year,29-Year 11-Month,Yes,912810UW6
