day,asset,ret_pct,z,fwd5_pct,label,label_model,earnings_release_near,reason,source
2024-02-22,SPY,2.07,3.22,-0.06,unexplained,unexplained,False,"The provided evidence only includes price history data and a timed-out news query, offering no information about the cause of the asset's move.",
2024-05-20,ETH-USD,18.41,4.26,4.84,unexplained,unexplained,False,The provided evidence only discusses the history of the EtherRock NFT project and does not contain any information about the cause of the ETH-USD price move on 2024-05-20.,
2024-07-18,CTAS,5.44,6.25,0.13,earnings,earnings,True,"The asset moved significantly on the day an 8-K filing was accepted, which typically contains earnings news.",https://www.sec.gov/Archives/edgar/data/723254/000072325424000032/ctas-20240718.htm
2024-07-18,DPZ,-13.57,-8.15,4.34,earnings,earnings,True,The SEC filing dated 2024-07-18 contains the company's earnings report which caused the stock to plunge.,https://www.sec.gov/Archives/edgar/data/1286681/000095017024084430/dpz-20240718.htm
2024-07-19,ISRG,9.34,7.34,-3.4,unexplained,unexplained,True,The provided evidence only contains general market news and historical price data without any specific catalyst for the 9.34% move.,
2024-07-23,GM,-6.42,-4.29,-2.16,unexplained,unexplained,True,"The provided evidence includes historical price data, general company descriptions, and a list of SEC filings, but none of the specific filings or news sources detail a cause for the sharp -6.42% decline on July 23, 2024.",
2024-07-23,MSCI,7.9,6.81,0.65,earnings,earnings,True,"The asset moved significantly due to the release of Q2 financial results for the quarter ended June 30, 2024, as detailed in the Form 8-K filed on July 23, 2024.",https://www.sec.gov/Archives/edgar/data/1408198/000140819824000129/msci-20240723.htm
2024-07-23,SHW,6.87,5.64,3.0,unexplained,unexplained,True,The provided evidence only contains historical SEC filings and no news or macro data for the specific date of the move.,
2024-07-24,SPY,-2.27,-3.73,2.07,macro,macro,False,"The evidence mentions 'Big Tech earnings start this week', 'inflation data', 'GDP', 'Biden dropout fallout', and 'rotation out of Information Technology', indicating market-wide macroeconomic and political factors driving the move.",https://finance.yahoo.com/quote/SPY/
2024-07-24,WAB,-6.44,-5.96,1.52,earnings,earnings,True,"The asset moved significantly following the release of its quarterly earnings report on July 24, 2024.",https://www.sec.gov/Archives/edgar/data/943452/000162828024032688/wab2q24earningspresentat.htm
2024-07-25,BSX,-4.5,-5.02,0.83,unexplained,unexplained,True,The provided evidence only contains historical SEC filings and no news or macroeconomic data from the day of the move.,
2024-07-25,DOV,5.67,4.68,-4.61,company_news,company_news,True,The asset moved significantly due to a recent acquisition announcement by Dover Corp.,https://www.sec.gov/Archives/edgar/data/29905/000002990524000033/dov-20240725.htm
2024-07-25,IBM,4.33,4.63,-0.91,earnings,earnings,True,"The news indicates that IBM's stock rose after beating Q2 earnings, which were enhanced by AI bookings.",https://finance.yahoo.com/quote/IBM/
2024-07-25,NOC,6.43,7.03,3.86,unexplained,unexplained,True,"The provided evidence only includes price history data and a failed news query, offering no information about the cause of the asset's move.",
2024-07-25,RCL,-7.59,-4.16,-7.21,unexplained,macro,True,"The Nasdaq fell 3.6% on Wednesday, dragged down by disappointing results from Tesla and Alphabet, which likely contributed to the broader market sell-off affecting RCL.",
2024-07-25,RSG,-5.17,-5.87,4.49,earnings,earnings,True,"The asset moved significantly after an 8-K filing dated 2024-07-24, which typically contains earnings news.",https://www.sec.gov/Archives/edgar/data/1060391/000106039124000272/rsg-20240724.htm
2024-07-25,TYL,9.41,9.55,-1.3,company_news,company_news,True,The stock surged due to a $2.3 billion acquisition deal with NIC Inc. announced in the news.,https://www.marketwatch.com/investing/stock/tyl
2024-07-25,WM,-8.03,-7.5,3.18,earnings,earnings,True,"The asset moved significantly after filing an 8-K report on July 24, which typically contains earnings news.",https://www.sec.gov/Archives/edgar/data/823768/000110465924082358/tm2420025d1_8k.htm
2024-07-26,HIG,7.13,6.56,-1.85,unexplained,unexplained,True,"The provided evidence only contains historical SEC filings from previous months and does not contain any news or data from July 26, 2024, that could explain the 7.13% price move.",
2024-07-30,ECL,-7.69,-9.13,0.29,unexplained,unexplained,True,"The provided evidence includes an 8-K filing dated 2024-07-30 and news headlines, but neither contains specific details about the cause of the -7.69% price move.",
2024-07-30,HWM,13.23,5.05,-4.3,unexplained,unexplained,True,The provided evidence only lists SEC 8-K filing URLs without revealing the specific content or cause of the price move.,
2024-07-30,LDOS,-4.57,-4.34,-2.73,earnings,earnings,True,"The asset moved after Leidos Holdings, Inc. issued a press release announcing its financial results for the second fiscal quarter ended June 28, 2024.",https://www.sec.gov/Archives/edgar/data/1336920/000133692024000045/ldos-20240730.htm
2024-07-30,MRK,-9.81,-7.75,-3.72,unexplained,unexplained,True,"The provided evidence includes historical price data, general company descriptions, and SEC filings, but none of these sources contain specific news or events that explain the sharp -9.81% decline on July 30, 2024.",
2024-07-30,XYL,-5.69,-4.13,-4.3,earnings,earnings,True,"The asset moved significantly on the day an 8-K filing was accepted, which typically contains earnings news.",https://www.sec.gov/Archives/edgar/data/1524472/000152447224000031/xyl07302024ex991.htm
2024-07-31,TMUS,3.95,4.05,4.71,unexplained,unexplained,True,The provided evidence does not contain any news or data that explains the cause of the asset's move.,
2024-08-02,AXP,-6.59,-5.61,5.1,unexplained,earnings,False,"The evidence includes multiple headlines referencing American Express's Q2 earnings results, such as 'American Express Profit Rises 39% as Affluent Consumers Keep Spending' and 'American Express leads slate of financials delivering results', which are typical catalysts for significant stock moves.",https://www.marketwatch.com/investing/stock/axp
2024-08-05,SPY,-2.91,-4.01,3.33,macro,macro,False,"The news text mentions 'Stocks hammered after this week's labor data shows investors treating bad news as bad news' and 'Probability of 50 bps rate cut more than doubled after payroll data', indicating a market-wide reaction to economic data.",https://finance.yahoo.com/quote/SPY/
2024-08-07,AXON,18.39,11.04,4.35,earnings,earnings,True,"The SEC filing indicates Axon Enterprise, Inc. issued a shareholder letter regarding its financial results for the second quarter ended June 30, 2024.",https://www.sec.gov/Archives/edgar/data/1069183/000106918324000047/axon-20240806x8k.htm
2024-08-07,FTNT,25.3,18.78,5.11,unexplained,unexplained,True,"The provided evidence includes an 8-K filing dated 2024-08-06, but the text excerpt does not contain specific details about the cause of the price move, and no other news or macro factors are mentioned.",
2024-08-08,PH,10.84,5.8,3.45,unexplained,unexplained,True,"The provided evidence only includes historical price data and a list of SEC 8-K filing URLs without the actual content of the filings, so no specific cause for the move can be identified.",
2024-09-26,MU,14.73,4.33,-6.2,earnings,earnings,True,"The asset moved significantly following the release of its quarterly earnings report filed on September 25, 2024.",https://www.sec.gov/Archives/edgar/data/723125/000072312524000023/mu-20240925.htm
2024-10-22,GM,9.81,4.84,-4.72,earnings,earnings,True,"The asset moved significantly following the filing of an 8-K report on October 22, 2024, which typically contains earnings news.",https://www.sec.gov/Archives/edgar/data/1467858/000146785824000115/gm-20241022.htm
2024-10-22,PM,10.47,10.96,1.22,earnings,earnings,True,"The asset moved significantly following an 8-K filing dated 2024-10-22, which typically contains earnings news.",https://www.sec.gov/Archives/edgar/data/1413329/000141332924000167/pm-20241022.htm
2024-10-23,STX,-8.1,-4.13,-4.89,earnings,earnings,True,"The asset moved significantly on the day following the filing of an 8-K report dated October 22, 2024, which is standard for earnings announcements.",https://www.sec.gov/Archives/edgar/data/1137789/000113778924000141/stx-20241022.htm
2024-10-24,TMUS,5.71,4.99,-4.52,earnings,earnings,True,"The asset moved significantly after filing an 8-K report on the previous day, which typically contains earnings news.",https://www.sec.gov/Archives/edgar/data/1283699/000128369924000141/tmus-20241023.htm
2024-10-24,TYL,5.06,5.77,-1.28,earnings,earnings,True,"The asset moved significantly after filing an 8-K report on the previous day, which typically contains earnings news.",https://www.sec.gov/Archives/edgar/data/860731/000086073124000050/tyl-20241023.htm
2024-10-29,LDOS,9.5,10.83,5.46,earnings,earnings,True,"The asset moved significantly following the release of its third fiscal quarter earnings results on October 29, 2024.",https://www.sec.gov/Archives/edgar/data/1336920/000133692024000052/ldos-20241029.htm
2024-10-31,MSFT,-6.05,-6.07,3.99,unexplained,unexplained,True,The provided evidence only shows the filing date and partial text of an 8-K form without revealing the specific cause of the stock's sharp decline.,
2024-11-05,VRTX,5.73,4.33,-2.77,earnings,earnings,True,"The asset moved significantly following the filing of an 8-K form dated 2024-11-04, which is typically associated with earnings releases.",https://www.sec.gov/Archives/edgar/data/875320/000087532024000221/vrtx-20241104.htm
2024-11-06,AXP,6.97,4.7,-1.36,unexplained,unexplained,False,"The provided evidence only includes an 8-K filing from October 18, 2024, and no news or macro data for the specific day of the move (November 6, 2024).",
2024-11-06,BTC-USD,9.05,3.4,19.75,unexplained,unexplained,False,The provided evidence only contains historical information about the BTC-e domain seizure and does not contain any news or data related to the specific market move on 2024-11-06.,
2024-11-06,ETN,6.43,4.18,2.64,unexplained,unexplained,False,No news or external factors were found in the provided evidence to explain the asset's significant move.,
2024-11-06,GL,6.34,4.31,0.09,unexplained,earnings,False,"The asset moved significantly after the release of its third quarter 2024 financial results, which is a direct earnings event.",https://www.sec.gov/Archives/edgar/data/320335/000032033524000058/q3fy2024earningsrelease.htm
2024-11-06,HWM,12.43,9.64,1.31,earnings,earnings,True,"The SEC Form 8-K filed on November 6, 2024, explicitly states that Howmet Aerospace Inc. issued a press release announcing its financial results for the third quarter of 2024.",https://www.sec.gov/Archives/edgar/data/4281/000110465924114539/tm2427588d1_8k.htm
2024-11-06,IFF,-11.63,-12.38,1.93,earnings,earnings,True,"The SEC 8-K filing dated November 5, 2024, reports IFF's third quarter 2024 financial results, which is the most likely cause of the significant price move.",https://www.sec.gov/Archives/edgar/data/51253/000005125324000039/iff-20241105.htm
2024-11-06,ROP,4.05,4.29,1.4,unexplained,unexplained,False,"The provided evidence only contains an 8-K filing from October 23, 2024, which is too old to explain the move on November 6, 2024, and no other news or macro data is available.",
2024-11-06,SPY,2.49,3.21,0.71,macro,macro,False,"The evidence references the US economy growing by 2.8% in the third quarter, slower than expected, and mentions the US economy adding just 12,000 jobs as Boeing strike, hurricanes weigh on labor market, which are macroeconomic indicators.",https://finance.yahoo.com/quote/SPY/
2024-11-08,FICO,7.18,4.52,-4.02,company_news,company_news,False,"The asset moved significantly due to the release of Q3 2024 financial results on November 6, 2024, which was reported in the 8-K filing dated November 6, 2024.",https://www.sec.gov/Archives/edgar/data/814547/000162828024045723/fico-20241106.htm
2024-11-08,FTNT,9.99,7.68,2.33,unexplained,unexplained,True,"The provided evidence only includes historical SEC filings and price history, with no news or macro data available to explain the unusual move.",
2024-11-08,PODD,9.4,4.98,-3.01,unexplained,unexplained,True,"The provided evidence only includes historical price data and SEC filings from prior to the day in question, with no news or market-wide indicators available to explain the 9.4% move.",
2024-11-11,BTC-USD,15.88,5.61,2.06,unexplained,unexplained,False,The evidence provided does not contain any specific news or data points that explain the 15.88% move in BTC-USD.,
2024-11-14,LDOS,-13.6,-8.37,-1.45,unexplained,unexplained,False,"The provided evidence only contains a Wikipedia description of the Low-dropout regulator technology and does not mention any specific news, earnings, or market events that occurred on 2024-11-14.",
2024-11-26,NRG,10.11,4.48,-0.74,unexplained,earnings,False,"The SEC filing indicates that NRG Energy announced its financial results for the quarter ended September 30, 2024, which is the most likely cause for the significant price move.",https://www.sec.gov/Archives/edgar/data/1013871/000101387124000019/nrg-20241108.htm
2024-12-04,CRM,10.99,6.24,-1.6,earnings,earnings,True,"The asset moved significantly following an 8-K filing dated 2024-12-03, which is standard for quarterly earnings reports.",https://www.sec.gov/Archives/edgar/data/1108524/000110852424000033/crm-20241203.htm
2024-12-06,LULU,15.89,7.15,-1.95,earnings,earnings,True,"The news sources indicate that Lululemon beat Q3 sales targets and lifted its full-year outlook, which typically drives significant stock price movements.",https://www.sec.gov/Archives/edgar/data/1397187/000139718724000040/lulu-20241203.htm
2024-12-18,SPY,-2.98,-4.57,1.39,unexplained,unexplained,False,"The provided evidence contains only general ETF description text and no specific news, filings, or market data indicating a cause for the sharp decline.",
2024-12-19,MU,-16.18,-4.84,1.98,earnings,earnings,True,"The asset experienced a significant drop following a recent earnings release, as indicated by the 8-K filing dated 2024-12-18.",https://www.sec.gov/Archives/edgar/data/723125/000072312524000046/mu-20241218.htm
2025-03-28,LULU,-14.19,-6.72,-10.63,earnings,earnings,True,"The asset moved significantly despite the positive earnings beat, suggesting the move was driven by the earnings release itself.",https://www.sec.gov/Archives/edgar/data/1397187/000139718725000012/lulu-20250327.htm
2025-04-03,SPY,-4.93,-4.83,-0.13,unexplained,macro,False,The evidence cites 'Trump's Liberation Day tariff surprise' and 'Stock futures sink after Trump's 'Liberation Day' tariffs shock markets' as the cause of the market move.,
2025-04-04,SPY,-5.85,-4.9,11.21,unexplained,unexplained,False,"The provided evidence does not contain any news, filings, or macroeconomic data that explains the sharp decline in the asset's price.",
2025-04-09,SPY,10.5,7.51,-0.85,macro,macro,False,"The news explicitly mentions Trump's China tariffs sending stocks tumbling and the S&P 500 closing at its lowest level in a year, indicating a market-wide macro event.",https://finance.yahoo.com/quote/SPY/
2025-07-22,DGX,7.08,6.72,-6.81,earnings,earnings,True,"The asset moved significantly after filing an 8-K report on the same day, which typically contains earnings news.",https://www.sec.gov/Archives/edgar/data/1022079/000102207925000172/dgx-20250722.htm
2025-07-23,BSX,4.46,4.47,-2.05,unexplained,unexplained,True,"The provided evidence only includes historical price data and SEC Form 8-K filings, none of which contain specific news or catalysts explaining the 4.46% price move.",
2025-07-24,HON,-6.18,-5.01,-2.19,earnings,earnings,True,"The asset moved significantly on the day an 8-K filing was accepted, which typically contains earnings news.",https://www.sec.gov/Archives/edgar/data/773840/000077384025000062/hon-20250724.htm
2025-07-31,HWM,-6.44,-4.41,3.33,earnings,earnings,True,"The asset moved significantly on the day an 8-K filing was accepted, which typically contains earnings news.",https://www.sec.gov/Archives/edgar/data/4281/000110465925072451/tm2522109d1_8k.htm
2025-07-31,MSFT,3.95,5.14,-2.32,earnings,earnings,True,"The asset moved significantly after filing an 8-K form on the previous day, which typically contains earnings news.",https://www.sec.gov/Archives/edgar/data/789019/000095017025100226/msft-20250730.htm
2025-08-06,ANET,17.49,6.2,-1.76,earnings,earnings,True,"The asset moved significantly following the release of an earnings report filed on August 5, 2025.",https://www.sec.gov/Archives/edgar/data/1596532/000159653225000214/ex991q225-earningsrelease.htm
2025-09-05,AVGO,9.41,5.11,4.99,earnings,earnings,True,"The SEC filing dated September 4, 2025, reports that Broadcom Inc. issued a press release announcing its unaudited financial results for the third quarter ended August 3, 2025.",https://www.sec.gov/Archives/edgar/data/1730168/000173016825000094/avgo-20250904.htm
2025-09-10,AVGO,9.77,4.42,-5.71,unexplained,earnings,False,"The asset moved significantly following the filing of an 8-K report dated September 3, 2025, which is standard for quarterly earnings announcements.",https://www.sec.gov/Archives/edgar/data/1730168/000119312525199281/d58273d8k.htm
2025-10-10,BTC-USD,-6.98,-3.53,-5.64,unexplained,unexplained,False,The evidence provided does not contain any specific news or data points that explain the sharp decline in BTC-USD.,
2025-10-10,SPY,-2.7,-4.94,1.01,unexplained,unexplained,False,"The provided evidence contains no specific news, earnings, or macroeconomic data that explains the sharp decline in SPY.",
2025-10-21,RTX,7.67,6.8,1.89,unexplained,unexplained,True,"The provided evidence only includes historical price data and a list of 8-K filing URLs without the actual content of the filings, so no specific cause for the move can be identified.",
2025-10-31,DXCM,-14.63,-5.94,-5.79,unexplained,unexplained,True,The provided evidence does not contain any information about the cause of the asset's move.,
2025-12-12,AVGO,-11.43,-4.06,-4.2,unexplained,unexplained,True,"The provided evidence only includes historical price data and a list of 8-K filing URLs without the actual content of the filings, so no specific cause for the move can be identified.",
2026-02-27,DELL,21.93,7.58,-1.47,earnings,earnings,True,"The asset moved significantly following the filing of an 8-K report on February 26, 2026, which is standard for quarterly earnings announcements.",https://www.sec.gov/Archives/edgar/data/1571996/000157199626000003/dell-20260226.htm
2026-03-31,SPY,2.91,3.54,3.2,unexplained,unexplained,False,"The evidence provided does not contain any news, filings, or macroeconomic data that explains the significant 2.91% move in SPY.",
2026-05-06,AMD,18.61,4.91,5.64,earnings,earnings,True,"The asset moved significantly following the filing of an 8-K report on May 5, 2026, which is standard for earnings announcements.",https://www.sec.gov/Archives/edgar/data/2488/000000248826000072/amd-20260505.htm
2026-05-22,ROST,8.11,4.51,-5.64,earnings,earnings,True,"The asset moved significantly following an 8-K filing dated 2026-05-21, which typically contains earnings news.",https://www.sec.gov/Archives/edgar/data/745732/000074573226000025/rost-20260521.htm
2026-07-30,MSFT,15.51,7.47,10.94,unexplained,unexplained,True,The provided evidence does not contain any news or data that explains the cause of the asset's move.,
2026-07-30,PWR,17.26,6.29,0.57,unexplained,unexplained,True,The provided evidence only shows the filing date and header of an 8-K form without any content describing the cause of the price move.,
2026-08-06,DDOG,-19.03,-5.76,7.49,earnings,earnings,True,"The asset moved significantly following the filing of an 8-K report on 2026-08-06, which typically contains earnings news.",https://www.sec.gov/Archives/edgar/data/1561550/000162828026053829/ddog-20260806.htm
2026-08-27,CRM,22.58,7.93,5.15,company_news,company_news,True,"The 8-K filing dated August 26, 2026, references a press release announcing Salesforce's fiscal quarter results for the quarter ended July 31, 2026.",https://www.sec.gov/Archives/edgar/data/1108524/000110852426000187/crm-20260826.htm
2026-08-27,CRWD,20.5,6.18,-6.89,unexplained,unexplained,True,"The provided evidence only contains historical price data and SEC 8-K filings from previous months, with no news or filings from the specific day of the move (2026-08-27) that would explain the 20.5% price change.",
2026-08-27,FTNT,9.67,4.18,-10.36,unexplained,unexplained,False,"The provided evidence contains no news, filings, or market data that explains the 9.67% move on 2026-08-27.",
2026-09-22,CRM,,,,unexplained,unexplained,False,"The provided evidence only includes historical price data and a list of 8-K filing URLs without the actual content of the filings, and the news query timed out, so no specific cause for the move can be identified.",
2026-09-22,CRWD,,,,unexplained,unexplained,False,"The provided evidence only includes an 8-K filing from August 26, 2026, and no news or market data for September 22, 2026, is available to explain the asset's move.",
2026-09-24,BTC-USD,,,,unexplained,unexplained,False,The evidence provided does not contain any information about the cause of the asset's move.,
2026-09-24,ETH-USD,,,,unexplained,unexplained,False,The evidence provided does not contain any information about the cause of the asset's move.,
