day,asset,weight,ret_pct,z,fwd5_pct
2024-02-22,SPY,0.78,2.07,3.22,-0.06
2024-05-20,ETH-USD,0.0992,18.41,4.26,4.84
2024-07-18,DPZ,0.018,-13.57,-8.15,4.34
2024-07-18,CTAS,0.05,5.44,6.25,0.13
2024-07-19,ISRG,0.0384,9.34,7.34,-3.4
2024-07-23,MSCI,0.0423,7.9,6.81,0.65
2024-07-23,SHW,0.0368,6.87,5.64,3.0
2024-07-23,GM,0.032,-6.42,-4.29,-2.16
2024-07-24,WAB,0.05,-6.44,-5.96,1.52
2024-07-24,SPY,0.2833,-2.27,-3.73,2.07
2024-07-25,BSX,0.0377,-4.5,-5.02,0.83
2024-07-25,RSG,0.033,-5.17,-5.87,4.49
2024-07-25,IBM,0.0377,4.33,4.63,-0.91
2024-07-25,TYL,0.0377,9.41,9.55,-1.3
2024-07-25,WM,0.033,-8.03,-7.5,3.18
2024-07-25,RCL,0.0148,-7.59,-4.16,-7.21
2024-07-25,DOV,0.0235,5.67,4.68,-4.61
2024-07-25,NOC,0.033,6.43,7.03,3.86
2024-07-26,HIG,0.0352,7.13,6.56,-1.85
2024-07-30,LDOS,0.0207,-4.57,-4.34,-2.73
2024-07-30,MRK,0.0228,-9.81,-7.75,-3.72
2024-07-30,XYL,0.013,-5.69,-4.13,-4.3
2024-07-30,HWM,0.0047,13.23,5.05,-4.3
2024-07-30,ECL,0.0313,-7.69,-9.13,0.29
2024-07-31,TMUS,0.0261,3.95,4.05,4.71
2024-08-02,AXP,0.0229,-6.59,-5.61,5.1
2024-08-05,SPY,0.38,-2.91,-4.01,3.33
2024-08-07,FTNT,0.0144,25.3,18.78,5.11
2024-08-07,AXON,0.0048,18.39,11.04,4.35
2024-08-08,PH,0.003,10.84,5.8,3.45
2024-09-26,MU,0.007,14.73,4.33,-6.2
2024-10-22,PM,0.05,10.47,10.96,1.22
2024-10-22,GM,0.0128,9.81,4.84,-4.72
2024-10-23,STX,0.0151,-8.1,-4.13,-4.89
2024-10-24,TMUS,0.049,5.71,4.99,-4.52
2024-10-24,TYL,0.05,5.06,5.77,-1.28
2024-10-29,LDOS,0.05,9.5,10.83,5.46
2024-10-31,MSFT,0.0466,-6.05,-6.07,3.99
2024-11-05,VRTX,0.024,5.73,4.33,-2.77
2024-11-06,AXP,0.0144,6.97,4.7,-1.36
2024-11-06,ROP,0.0371,4.05,4.29,1.4
2024-11-06,GL,0.0192,6.34,4.31,0.09
2024-11-06,ETN,0.0188,6.43,4.18,2.64
2024-11-06,IFF,0.0371,-11.63,-12.38,1.93
2024-11-06,HWM,0.0272,12.43,9.64,1.31
2024-11-06,BTC-USD,0.2,9.05,3.4,19.75
2024-11-06,SPY,0.18,2.49,3.21,0.71
2024-11-08,FICO,0.0163,7.18,4.52,-4.02
2024-11-08,PODD,0.0112,9.4,4.98,-3.01
2024-11-08,FTNT,0.026,9.99,7.68,2.33
2024-11-11,BTC-USD,0.1137,15.88,5.61,2.06
2024-11-14,LDOS,0.0333,-13.6,-8.37,-1.45
2024-11-26,NRG,0.0115,10.11,4.48,-0.74
2024-12-04,CRM,0.0182,10.99,6.24,-1.6
2024-12-06,LULU,0.0109,15.89,7.15,-1.95
2024-12-18,SPY,0.751,-2.98,-4.57,1.39
2024-12-19,MU,0.0058,-16.18,-4.84,1.98
2025-03-28,LULU,0.0125,-14.19,-6.72,-10.63
2025-04-03,SPY,0.9675,-4.93,-4.83,-0.13
2025-04-04,SPY,0.9675,-5.85,-4.9,11.21
2025-04-09,SPY,0.9675,10.5,7.51,-0.85
2025-07-22,DGX,0.0455,7.08,6.72,-6.81
2025-07-23,BSX,0.05,4.46,4.47,-2.05
2025-07-24,HON,0.0346,-6.18,-5.01,-2.19
2025-07-31,HWM,0.0267,-6.44,-4.41,3.33
2025-07-31,MSFT,0.05,3.95,5.14,-2.32
2025-08-06,ANET,0.0066,17.49,6.2,-1.76
2025-09-05,AVGO,0.0187,9.41,5.11,4.99
2025-09-10,AVGO,0.0187,9.77,4.42,-5.71
2025-10-10,BTC-USD,0.2,-6.98,-3.53,-5.64
2025-10-10,SPY,0.78,-2.7,-4.94,1.01
2025-10-21,RTX,0.045,7.67,6.8,1.89
2025-10-31,DXCM,0.0086,-14.63,-5.94,-5.79
2025-12-12,AVGO,0.0072,-11.43,-4.06,-4.2
2026-02-27,DELL,0.0069,21.93,7.58,-1.47
2026-03-31,SPY,0.98,2.91,3.54,3.2
2026-05-06,AMD,0.0041,18.61,4.91,5.64
2026-05-22,ROST,0.0166,8.11,4.51,-5.64
2026-07-30,MSFT,0.0132,15.51,7.47,10.94
2026-07-30,PWR,0.0073,17.26,6.29,0.57
2026-08-06,DDOG,0.0052,-19.03,-5.76,7.49
2026-08-27,FTNT,0.0043,9.67,4.18,-10.36
2026-08-27,CRM,0.0074,22.58,7.93,5.15
2026-08-27,CRWD,0.0046,20.5,6.18,-6.89
2026-09-22,CRM,0.0074,,,
2026-09-22,CRWD,0.0046,,,
2026-09-24,BTC-USD,0.1157,,,
2026-09-24,ETH-USD,0.0843,,,
