cik,ticker,index,sector,accession,accepted_utc,filed,items,ex99_url
711404,COO,sp500,Health Care,0001628280-26-061155,2026-09-09T20:34:31,2026-09-09,"2.02,8.01,9.01",https://www.sec.gov/Archives/edgar/data/711404/000162828026061155/cooperq32026pressrelease.htm
796343,ADBE,sp500,Information Technology,0000796343-26-000147,2026-09-10T20:06:14,2026-09-10,"2.02,9.01",https://www.sec.gov/Archives/edgar/data/796343/000079634326000147/adbeex991q326.htm
900075,CPRT,sp500,Industrials,0001193125-26-387902,2026-09-10T20:16:04,2026-09-10,"2.02,9.01",https://www.sec.gov/Archives/edgar/data/900075/000119312526387902/cprt-ex99_1.htm
1341439,ORCL,sp500,Information Technology,0001193125-26-387905,2026-09-10T20:16:50,2026-09-10,"2.02,8.01,9.01",https://www.sec.gov/Archives/edgar/data/1341439/000119312526387905/orcl-ex99_1.htm
56873,KR,sp500,Consumer Staples,0001104659-26-106890,2026-09-11T10:59:48,2026-09-11,"2.02,9.01",https://www.sec.gov/Archives/edgar/data/56873/000110465926106890/tm2625060d1_ex99-1.htm
920760,LEN,sp500,Consumer Discretionary,0001628280-26-062287,2026-09-16T20:42:59,2026-09-16,"2.02,9.01",https://www.sec.gov/Archives/edgar/data/920760/000162828026062287/ex991-2026831x8kq3.htm
866787,AZO,sp500,Consumer Discretionary,0001171843-26-006159,2026-09-22T10:55:14,2026-09-22,"2.02,9.01",https://www.sec.gov/Archives/edgar/data/866787/000117184326006159/exh_991.htm
723254,CTAS,sp500,Industrials,0000723254-26-000044,2026-09-23T12:31:07,2026-09-23,"2.02,9.01",https://www.sec.gov/Archives/edgar/data/723254/000072325426000044/ex992026-8x31.htm
40704,GIS,sp500,Consumer Staples,0001628280-26-063141,2026-09-23T11:01:47,2026-09-23,"2.02,9.01",https://www.sec.gov/Archives/edgar/data/40704/000162828026063141/a20260923ex99.htm
723531,PAYX,sp500,Industrials,0000723531-26-000004,2026-09-23T12:41:28,2026-09-23,2.02,https://www.sec.gov/Archives/edgar/data/723531/000072353126000004/payx-ex99_1.htm
909832,COST,sp500,Consumer Staples,0000909832-26-000084,2026-09-24T20:17:37,2026-09-24,"2.02,9.01",https://www.sec.gov/Archives/edgar/data/909832/000090983226000084/costex9918-k92426.htm
940944,DRI,sp500,Consumer Discretionary,0000940944-26-000032,2026-09-24T11:04:31,2026-09-24,"2.02,9.01",https://www.sec.gov/Archives/edgar/data/940944/000094094426000032/exhibit991-q1fy27.htm
