accession,sector,momentum,eps_q,eps_prior,rev_q,rev_prior,guidance,tone,collected_at
0000023217-26-000052,Consumer Staples,-0.1637406651330765,0.36,0.34,2600.0,2632.6,none,positive,2026-09-30T12:48:40+00:00
0001628280-26-063888,Financials,-0.01025644273958548,3.41,4.03,634.7,596.9010000000001,unverified,positive,2026-09-30T12:48:40+00:00
0001628280-26-063890,Information Technology,0.06110084037927099,3.76,1.95,,,raised,positive,2026-09-30T12:48:40+00:00
0000723125-26-000018,Information Technology,4.603956969082507,32.87,2.83,54229.0,41456.0,raised,positive,2026-09-30T22:32:51+00:00
0001467373-26-000037,Information Technology,-0.5517505639026489,3.29,2.25,,,raised,positive,2026-10-01T12:48:49+00:00
0000063754-26-000326,Consumer Staples,-0.27261057094163876,0.36,0.84,,,none,positive,2026-10-01T12:48:49+00:00
0001628280-26-064366,Consumer Discretionary,-0.16137865626819448,,,,,none,neutral,2026-10-02T21:46:51+00:00
0000831259-26-000043,Materials,0.6900486500839424,,,,,none,neutral,2026-10-02T21:46:51+00:00
0001551152-26-000030,Health Care,-0.11677060906576608,,,,,maintained,neutral,2026-10-06T01:21:30+00:00
0000016918-26-000039,Consumer Staples,-0.17866406228146992,3.32,,,,raised,positive,2026-10-07T01:05:39+00:00
0001679273-26-000051,Consumer Staples,-0.2797686141673732,0.21,0.46,,,raised,positive,2026-10-07T01:05:39+00:00
0001841666-26-000058,Energy,0.3303191258843168,,,,,none,neutral,2026-10-08T01:25:16+00:00
0000077476-26-000050,Consumer Staples,-0.0759652895604821,,,25274.0,23937.0,raised,positive,2026-10-08T23:32:04+00:00
