accession,accepted_utc,logodds,pit:eps_growth,pit:rev_growth,pit:momentum,pit:logodds,pit:guidance=raised,pit:guidance=maintained,pit:guidance=lowered,pit:guidance=initiated,pit:guidance=withdrawn,pit:guidance=none,pit:guidance=unverified,pit:tone=positive,pit:tone=neutral,pit:tone=negative,stored_at
0000023217-26-000052,2026-09-30T07:32:13,-0.7238,0.4983309489747258,0.24903225806451612,0.29337139232477005,0.36177581863979846,0.29864609571788414,0.36350755667506296,0.4845717884130982,0.4858312342569269,0.4984256926952141,0.8981423173803527,0.47087531486146095,0.5985516372795969,0.4074307304785894,0.4940176322418136,2026-10-02T21:46:55+00:00
0001628280-26-063888,2026-09-30T07:01:06,0.0895,0.24618320610687022,0.5971594577146546,0.5602791878172588,0.4796850393700787,0.2985826771653543,0.36346456692913387,0.4845669291338583,0.4858267716535433,0.4984251968503937,0.3981102362204724,0.9710236220472441,0.5985826771653543,0.4074015748031496,0.49401574803149606,2026-10-02T21:46:55+00:00
0001628280-26-063890,2026-09-30T07:32:16,4.1444,0.8531935176358436,0.5,0.6785034876347495,0.9682090022033365,0.7987094743468681,0.3635505193578848,0.48457664463330186,0.48583569405099153,0.4984261882278879,0.3980169971671388,0.470884482215927,0.5985206169342147,0.40745986779981114,0.4940195152659742,2026-10-02T21:46:55+00:00
0000723125-26-000018,2026-09-30T16:02:22,5.3839,0.9590281086231539,0.9529335912314636,0.9990491283676703,0.9984266834487099,0.7986154814348647,0.36359345500314666,0.4845814977973568,0.4858401510383889,0.4984266834487099,0.3980490874764003,0.4708936438011328,0.5984896161107615,0.40748898678414097,0.49402139710509757,2026-10-02T21:46:55+00:00
0001467373-26-000037,2026-10-01T06:42:03,3.5504,0.7847619047619048,0.5,0.024397972116603297,0.9185278389430639,0.7985215476564957,0.36363636363636365,0.4845863479081472,0.48584460522176787,0.49842717835797423,0.3980811575967285,0.4709027996225228,0.5984586347908147,0.4075180874488833,0.49402327776030197,2026-10-02T21:46:55+00:00
0000063754-26-000326,2026-10-01T07:31:11,-2.2624,0.10138029509757258,0.5,0.1574279379157428,0.10660377358490566,0.29842767295597483,0.36367924528301887,0.48459119496855346,0.4858490566037736,0.49842767295597484,0.8981132075471698,0.47091194968553457,0.5984276729559749,0.4075471698113208,0.4940251572327044,2026-10-02T21:46:55+00:00
0001628280-26-064366,2026-10-02T13:04:26,-1.0994,0.5,0.5,0.2966128521684077,0.2898459603898145,0.2985543683218102,0.36376492771841606,0.4846008799497172,0.48585795097423007,0.4984286612193589,0.8978629792583281,0.47093023255813954,0.09852294154619735,0.9074481458202388,0.4940289126335638,2026-10-02T21:46:55+00:00
0000831259-26-000043,2026-10-02T12:35:06,,0.5,0.5,0.9794173527549082,0.5,0.2984910405532851,0.36372209996856336,0.48459603898145237,0.4858535051870481,0.49842816724300537,0.8979880540710469,0.4709210939955989,0.09839673058786545,0.9075762338887142,0.4940270355234203,2026-10-02T21:46:55+00:00
0001551152-26-000030,2026-10-05T20:07:45,-1.064,0.5,0.5,0.3731012658227848,0.2985543683218102,0.29861765629908893,0.8638077285579642,0.4846057178762174,0.4858623939679548,0.4984291548853283,0.3977379830348728,0.47093936537857367,0.09864907320138235,0.9073201382343701,0.4940307885642476,2026-10-06T01:21:33+00:00
0000016918-26-000039,2026-10-06T20:18:54,-0.165,0.5,0.5,0.2703984819734345,0.4480050267043669,0.7985871271585557,0.3637362637362637,0.4846153846153846,0.4858712715855573,0.49843014128728413,0.3978021978021978,0.47095761381475665,0.5987441130298273,0.4072213500784929,0.49403453689167975,2026-10-07T01:05:42+00:00
0001679273-26-000051,2026-10-06T12:02:01,,0.10799238820171266,0.5,0.1486871243277444,0.5,0.7986809045226131,0.3636934673366834,0.4846105527638191,0.48586683417085424,0.498429648241206,0.39777010050251255,0.4709484924623116,0.5987751256281407,0.40719221105527637,0.4940326633165829,2026-10-07T01:05:42+00:00
0001841666-26-000058,2026-10-07T20:38:58,0.7287,0.5,0.5,0.9064179576351565,0.5543341708542714,0.2984934086629002,0.3637790332705587,0.48462021343377276,0.4858757062146893,0.49843063402385435,0.897834274952919,0.4709667294413057,0.09871311989956058,0.9072504708097928,0.49403640929064657,2026-10-08T01:25:19+00:00
0000077476-26-000050,2026-10-07T21:57:44,,0.5,0.5644329896907216,0.43805309734513276,0.5,0.7985566363351114,0.3638217759648572,0.4846250392218387,0.48588013806087227,0.498431126451208,0.39770944461876373,0.4709758393473486,0.5988390335738939,0.4071226859115155,0.49403828051459053,2026-10-08T23:32:07+00:00
